<?xml version="1.0" encoding="UTF-8"?>

<mule xmlns:tracking="http://www.mulesoft.org/schema/mule/ee/tracking" xmlns="http://www.mulesoft.org/schema/mule/core" xmlns:doc="http://www.mulesoft.org/schema/mule/documentation" xmlns:spring="http://www.springframework.org/schema/beans" xmlns:json="http://www.mulesoft.org/schema/mule/json" xmlns:http="http://www.mulesoft.org/schema/mule/http" xmlns:dw="http://www.mulesoft.org/schema/mule/ee/dw" xmlns:core="http://www.mulesoft.org/schema/mule/core" xmlns:xsi="http://www.w3.org/2001/XMLSchema-instance" xsi:schemaLocation="http://www.springframework.org/schema/beans http://www.springframework.org/schema/beans/spring-beans-current.xsd
http://www.mulesoft.org/schema/mule/json http://www.mulesoft.org/schema/mule/json/current/mule-json.xsd
http://www.mulesoft.org/schema/mule/http http://www.mulesoft.org/schema/mule/http/current/mule-http.xsd
http://www.mulesoft.org/schema/mule/ee/dw http://www.mulesoft.org/schema/mule/ee/dw/current/dw.xsd
http://www.mulesoft.org/schema/mule/core http://www.mulesoft.org/schema/mule/core/current/mule.xsd
http://www.mulesoft.org/schema/mule/ee/tracking http://www.mulesoft.org/schema/mule/ee/tracking/current/mule-tracking-ee.xsd">
    <http:request-config name="HTTP_Req_Config_OKTA" protocol="HTTPS" host="${okta.svc.host}" port="443" connectionIdleTimeout="60000" responseTimeout="30000" doc:name="HTTP Request Configuration"/>
    <flow name="dynamicallyParsingSchema">
        <foreach collection="#[payload.schemas]" doc:name="For Each">
            <expression-component doc:name="Expression"><![CDATA[java.lang.String eachstring=payload;
      String pattern = "urn:okta:(.*):user:custom";

      // Create a Pattern object
     java.util.regex.Pattern r =  java.util.regex.Pattern.compile(pattern);

      // Now create matcher object.
      java.util.regex.Matcher m = r.matcher(eachstring);
      if (m.find( )) {
    	flowVars.dynschema= "urn:okta:"+m.group(1)+":user:custom";
      }

]]></expression-component>
        </foreach>
        <set-payload value="#[flowVars.dynschema]" doc:name="Set Payload"/>
    </flow>
    <sub-flow name="copy-inbound-to-outbound-headers">
        <copy-properties propertyName="*" doc:name="Copy All HTTP Headers"/>
        <remove-property propertyName="Content-Length" doc:name="Remove Content Length"/>
        <remove-property propertyName="MULE_*" doc:name="Remove MULE Properties"/>
        <remove-property propertyName="X_MULE*" doc:name="Remove X_MULE Properties"/>
        <remove-property propertyName="X-MULE*" doc:name="Remove X-MULE Properties"/>
    </sub-flow>
    <flow name="flow_okta_password_update" processingStrategy="asynchronous">
        <logger message="sso-intgr-svc enter flow_okta_password_update :" level="INFO" doc:name="Logger"/>
        <set-variable variableName="pwdPayload" value="#[payload]" mimeType="application/json" doc:name="Variable"/>

        <json:json-to-object-transformer returnClass="java.util.HashMap" doc:name="JSON to Object"/>
        <expression-component doc:name="Expression"><![CDATA[flowVars.'paginationText'="";
flowVars.'searchLimit'="200";
flowVars['uname']=payload.userName;
flowVars['applID'] = payload[flowVars.'oktauserschema'].applicationId;
/*if(payload.'urn:okta:booker:1.0:user:custom'.applicationId !=null){
	flowVars['applID'] = payload.'urn:okta:booker:1.0:user:custom'.applicationId;
}else if(payload.'urn:okta:template_swa:1.0:user:custom'.applicationId){
	flowVars['applID'] = payload.'urn:okta:template_swa:1.0:user:custom'.applicationId;
}*/]]></expression-component>
        <expression-component doc:name="Expression"><![CDATA[Thread.sleep(10000);]]></expression-component>


        <flow-ref name="okta_result" doc:name="okta_result"/>
        <logger message="sso-intgr-svc exit flow_okta_password_update :" level="INFO" doc:name="Logger"/>
    </flow>
    <flow name="okta_result" processingStrategy="synchronous">
        <logger message="sso-intgr-svc enter okta_result :" level="INFO" doc:name="Logger"/>

        <message-properties-transformer doc:name="Message Properties">
            <add-message-property key="Authorization" value="${okta.svc.auth}"/>
        </message-properties-transformer>

        <http:request config-ref="HTTP_Req_Config_OKTA" path="api/v1/apps/{appID}/users" method="GET" doc:name="HTTP">
            <http:request-builder>
                <http:query-param paramName="limit" value="#[flowVars.searchLimit]"/>
                <http:query-param paramName="after" value="#[flowVars.paginationText]"/>
                <http:query-param paramName="q" value="#[flowVars['uname']]"/>
                <http:uri-param paramName="appID" value="#[flowVars.applID]"/>
                <http:header headerName="Content-Type" value="application/json"/>
                <http:header headerName="Accept" value="application/json"/>





            </http:request-builder>
        </http:request>
        <object-to-string-transformer doc:name="Object to String"/>


        <dw:transform-message doc:name="Transform Message">
            <dw:input-payload doc:sample="string_3.dwl"/>
            <dw:set-payload><![CDATA[%dw 1.0
%output application/java
%var pwdPayload = flowVars.pwdPayload
---
payload filter $.externalId == pwdPayload.userName]]></dw:set-payload>
        </dw:transform-message>

        <choice doc:name="Choice">
            <when expression="#[payload.size() &gt; 0]">
                <set-variable variableName="userOktaintID" value="#[payload[0].id]" doc:name="Variable"/>

                <dw:transform-message doc:name="Transform Message">
                    <dw:set-payload><![CDATA[%dw 1.0
%output application/json
%var pwdPayload = flowVars.pwdPayload
%var oktaID = payload.id
%var oktauserSchema = flowVars.oktauserschema
---
{
  "profile": {
    "previous_password": pwdPayload[oktauserSchema].previous_password,
    "salt": pwdPayload[oktauserSchema].salt
  }
}]]></dw:set-payload>
                </dw:transform-message>
                <set-payload value="#[payload]" mimeType="application/json" doc:name="Set Payload"/>
                <object-to-string-transformer doc:name="Object to String"/>

                <message-properties-transformer doc:name="Message Properties">
                    <add-message-property key="Authorization" value="${okta.svc.auth}"/>
                </message-properties-transformer>


                <set-variable variableName="pwdPayload" value="#[payload]" mimeType="application/json" doc:name="Variable"/>
                <until-successful maxRetries="3" millisBetweenRetries="5000" failureExpression="#[message.inboundProperties['http.status'] != 200]" synchronous="true" doc:name="Until Successful">
                    <http:request config-ref="HTTP_Req_Config_OKTA" path="api/v1/apps/{appID}/users/{userOktaIntID}" method="POST" doc:name="HTTP">
                        <http:request-builder>
                            <http:query-param paramName="Accept" value="application/json"/>
                            <http:query-param paramName="Content-Type" value="application/json"/>
                            <http:uri-param paramName="appID" value="#[flowVars.applID]"/>
                            <http:uri-param paramName="userOktaIntID" value="#[flowVars.userOktaintID]"/>


                        </http:request-builder>
                    </http:request>
                </until-successful>


                <set-payload value="#[flowVars.pwdPayload]" mimeType="application/json" doc:name="Set Payload"/>
            </when>
            <otherwise>

                <foreach collection="#[message.inboundProperties.link]" doc:name="For Each">
                    <choice doc:name="Choice">
                        <when expression="#[payload.contains(&quot;next&quot;)]">

                            <expression-component doc:name="Expression"><![CDATA[flowVars['afterText'] = payload.split("&")[0].split("after=")[1];]]></expression-component>

                            <set-variable variableName="paginationText" value="#[flowVars['afterText']]" doc:name="Variable"/>
                            <flow-ref name="okta_result" doc:name="okta_result"/>
                        </when>
                        <otherwise>
                            <logger message="sso-intgr-svc okta_result dflt link:===#[payload]" level="INFO" doc:name="dfltLogger"/>
                        </otherwise>
                    </choice>
                </foreach>
            </otherwise>
        </choice>

        <logger message="sso-intgr-svc exit okta_result :" level="INFO" doc:name="Logger"/>
    </flow>
    <sub-flow name="save-payload">
        <object-to-string-transformer doc:name="Object to String"/>
        <expression-component doc:name="originalPayload"><![CDATA[//Set payload and maybe some others as well

flowVars['originalPayload'] = payload;]]></expression-component>
    </sub-flow>
    <sub-flow name="restore-payload">
        <expression-component doc:name="originalPayload"><![CDATA[//Restore originalPayload and maybe some others as well

payload = flowVars['originalPayload'];]]></expression-component>
    </sub-flow>
    <sub-flow name="save-requested-serialized-format">
        <expression-component doc:name="Expression"><![CDATA[contentType = message.inboundProperties['content-type'];
accept = message.inboundProperties['accept'];

if (accept == null) {
  accept = 'application/json';
} else if (!(accept.equalsIgnoreCase('application/json') || accept.equalsIgnoreCase('application/xml'))) {
  accept = 'application/json';
}

if (contentType == null) {
  contentType = accept;
} else if (!(contentType.equalsIgnoreCase('application/json') || contentType.equalsIgnoreCase('application/xml'))) {
  contentType = accept;
}

flowVars['accept'] = accept;
flowVars['content-type'] = contentType;
]]></expression-component>
    </sub-flow>
</mule>