<?xml version="1.0" encoding="UTF-8"?>

<mule xmlns:json="http://www.mulesoft.org/schema/mule/json" xmlns:tracking="http://www.mulesoft.org/schema/mule/ee/tracking" xmlns="http://www.mulesoft.org/schema/mule/core" xmlns:doc="http://www.mulesoft.org/schema/mule/documentation"
	xmlns:spring="http://www.springframework.org/schema/beans" xmlns:ldap="http://www.mulesoft.org/schema/mule/ldap"
	xmlns:dw="http://www.mulesoft.org/schema/mule/ee/dw" xmlns:core="http://www.mulesoft.org/schema/mule/core"
	xmlns:xsi="http://www.w3.org/2001/XMLSchema-instance"
	xsi:schemaLocation="http://www.springframework.org/schema/beans http://www.springframework.org/schema/beans/spring-beans-current.xsd
http://www.mulesoft.org/schema/mule/ldap http://www.mulesoft.org/schema/mule/ldap/current/mule-ldap.xsd
http://www.mulesoft.org/schema/mule/ee/dw http://www.mulesoft.org/schema/mule/ee/dw/current/dw.xsd
http://www.mulesoft.org/schema/mule/core http://www.mulesoft.org/schema/mule/core/current/mule.xsd
http://www.mulesoft.org/schema/mule/ee/tracking http://www.mulesoft.org/schema/mule/ee/tracking/current/mule-tracking-ee.xsd
http://www.mulesoft.org/schema/mule/json http://www.mulesoft.org/schema/mule/json/current/mule-json.xsd">
	<flow name="flow_get_capabilities_edir">
		<set-payload
			value="{&quot;schemas&quot;:[&quot;urn:scim:schemas:core:1.0&quot;,&quot;urn:okta:schemas:scim:providerconfig:1.0&quot;],&quot;documentationUrl&quot;:&quot;https://support.okta.com/scim-fake-page.html&quot;,&quot;patch&quot;:{&quot;supported&quot;:false},&quot;bulk&quot;:{&quot;supported&quot;:false},&quot;filter&quot;:{&quot;supported&quot;:true,&quot;maxResults&quot;:100},&quot;changePassword&quot;:{&quot;supported&quot;:true},&quot;sort&quot;:{&quot;supported&quot;:false},&quot;etag&quot;:{&quot;supported&quot;:false},&quot;authenticationSchemes&quot;:[],&quot;urn:okta:schemas:scim:providerconfig:1.0&quot;:{&quot;userManagementCapabilities&quot;:[${sso.edir.managementCapabilities}]}}"
			doc:name="Set Payload" />
		<logger message="#[payload]" level="INFO" doc:name="Logger" />
	</flow>
	<flow name="flow_get_Users_edir">
		<logger
			message="sso-intgr-svc-impl enter flow_get_Users_edir {&quot;transactionId&quot;:&quot;#[flowVars['x-ps-transaction-id']]&quot;,&quot;event&quot;:&quot;#[message.id]&quot;}"
			level="INFO" doc:name="Logger" />
		<set-variable variableName="user"
			value="#[message.inboundProperties['http.query.params'].filter.split(&quot;eq&quot;)[1].split(&quot;\&quot;&quot;)[1]]"
			doc:name="Variable" />
        <set-variable variableName="ldapURL" value="${LDAP.URL}" doc:name="Variable"/>
        <set-variable variableName="ldapBaseDN" value="${LDAP.BaseDN}" doc:name="Variable"/>
        <set-variable variableName="ldapPrincipalDN" value="${LDAP.PrincipalDN}" doc:name="Variable"/>
        <set-variable variableName="ldapPassword" value="${LDAP.Password}" doc:name="Variable"/>
        <component class="org.ps.components.LDAPProcessor" doc:name="Java"/>
        <json:object-to-json-transformer doc:name="Object to JSON"/>
        <!-- <ldap:search-one config-ref="LDAP__Configuration" baseDn="${LDAP.BaseDN}" filter="(&amp;(objectClass=person)(cn=#[flowVars.user]))" scope="SUB_TREE" maxResults="1" doc:name="Get User LDAP">
            <ldap:attributes>
                <ldap:attribute>givenName</ldap:attribute>
                <ldap:attribute>sn</ldap:attribute>
                <ldap:attribute>cn</ldap:attribute>
            </ldap:attributes>
        </ldap:search-one> -->

		<dw:transform-message doc:name="Transform Message">
			<dw:set-payload><![CDATA[%dw 1.0
%output application/json
---
	({
	"totalResults": 1,
	"schemas": ["urn:scim:schemas:core:1.0"],
	"itemsPerPage": 200,
	"startIndex": 1,
	"Resources": [{
		"schemas": [
			"urn:scim:schemas:core:1.0",
			"urn:scim:schemas:extension:enterprise:1.0"
		],
		"id": payload.cn,
		"userName": payload.cn,
		"active": true,
		"name": {
			"givenName": payload.givenName,
			"familyName": payload.sn			
		}
	}] 
	
}) when (payload.cn contains flowVars.user) otherwise 
	{
	"totalResults": 0,
	"Resources": []
	
	}]]></dw:set-payload>
		</dw:transform-message>
        <logger message="sso-intgr-svc-impl exit flow_get_Users_edir {&quot;transactionId&quot;:&quot;#[flowVars['x-ps-transaction-id']]&quot;,&quot;event&quot;:&quot;#[message.id]&quot;}" level="INFO" doc:name="Logger"/>

	</flow>
	<flow name="flow_put_Users_id_edir">
		<logger
			message="sso-intgr-svc-impl enter flow_put_Users_Id_edir {&quot;transactionId&quot;:&quot;#[flowVars['x-ps-transaction-id']]&quot;,&quot;event&quot;:&quot;#[message.id]&quot;}"
			level="INFO" doc:name="Logger" />
        <byte-array-to-object-transformer doc:name="Byte Array to Object"/>
        <json:json-to-object-transformer returnClass="java.util.HashMap" doc:name="JSON to Object"/>

		<set-variable variableName="user"
			value="#[message.inboundProperties.'http.uri.params'.id]" doc:name="Variable" />
		<set-variable variableName="password" value="#[payload.password]"
			doc:name="Variable" />
			<set-variable variableName="ldapURL" value="${LDAP.URL}" doc:name="Variable"/>
        <set-variable variableName="ldapBaseDN" value="${LDAP.BaseDN}" doc:name="Variable"/>
        <set-variable variableName="ldapPrincipalDN" value="${LDAP.PrincipalDN}" doc:name="Variable"/>
        <set-variable variableName="ldapPassword" value="${LDAP.Password}" doc:name="Variable"/>
        <component class="org.ps.components.LDAPProcessor" doc:name="Java"/>
        <set-variable variableName="dn" value="#[payload.dn]" doc:name="Variable"/>
        <component class="org.ps.components.LDAPPasswordUpdate" doc:name="Java"/>
        <choice doc:name="Choice">
            <when expression="#[payload.success == &quot;false&quot;]">
                <set-property propertyName="http.status" value="500" doc:name="Property"/>
                <dw:transform-message doc:name="Transform Message">
                    <dw:set-payload><![CDATA[%dw 1.0
%output application/json
---
 {
	"schemas": [
	  "urn:scim:schemas:core:1.0", 
	  "urn:scim:schemas:extension:enterprise:1.0"
	],
	"errors":{
	  "statusCode":404,
	  "internalCode":"E0000048",
	  "description":"Cannot update password",
	  "help_url":null
	}
}]]></dw:set-payload>
                </dw:transform-message>
            </when>
            <otherwise>
                <dw:transform-message doc:name="Transform Message">
                    <dw:set-payload><![CDATA[%dw 1.0
%output application/json
---
 {
	
	"schemas": [
		"urn:scim:schemas:core:1.0",
		"urn:scim:schemas:extension:enterprise:1.0"
	],
	"id": flowVars['user'],
	"userName": flowVars['user'],
	"name": {
		"givenName": flowVars['user'],
		"familyName": flowVars['user']
	},
	"active": true
}]]></dw:set-payload>
                </dw:transform-message>
            </otherwise>
        </choice>

		<logger
			message="sso-intgr-svc-impl exit flow_put_Users_Id_edir {&quot;transactionId&quot;:&quot;#[flowVars['x-ps-transaction-id']]&quot;,&quot;event&quot;:&quot;#[message.id]&quot;}"
			level="INFO" doc:name="Logger" />
	</flow>
</mule>
