<?xml version="1.0" encoding="UTF-8"?>
<mule xmlns:doc="http://www.mulesoft.org/schema/mule/documentation"
	xmlns="http://www.mulesoft.org/schema/mule/core" xmlns:apikit="http://www.mulesoft.org/schema/mule/apikit"
	xmlns:http="http://www.mulesoft.org/schema/mule/http" xmlns:spring="http://www.springframework.org/schema/beans"
	xmlns:xsi="http://www.w3.org/2001/XMLSchema-instance"
	xsi:schemaLocation="http://www.mulesoft.org/schema/mule/core http://www.mulesoft.org/schema/mule/core/current/mule.xsd
http://www.mulesoft.org/schema/mule/http http://www.mulesoft.org/schema/mule/http/current/mule-http.xsd
http://www.mulesoft.org/schema/mule/apikit http://www.mulesoft.org/schema/mule/apikit/current/mule-apikit.xsd
http://www.springframework.org/schema/beans http://www.springframework.org/schema/beans/spring-beans-3.1.xsd">
	<apikit:mapping-exception-strategy
		name="api-apiKitGlobalExceptionMapping">
		<apikit:mapping statusCode="404">
			<apikit:exception
				value="org.mule.module.apikit.exception.NotFoundException" />
			<set-property propertyName="Content-Type" value="application/json"
				doc:name="Property" />
			<set-payload
				value="{&quot;errors&quot;:[{&quot;statusCode&quot;:404,&quot;internalCode&quot;:&quot;404&quot;,&quot;description&quot;:&quot;Resource not found&quot;,&quot;help_url&quot;:null}]}"
				doc:name="Set Payload" />
		</apikit:mapping>
		<apikit:mapping statusCode="405">
			<apikit:exception
				value="org.mule.module.apikit.exception.MethodNotAllowedException" />
			<set-property propertyName="Content-Type" value="application/json"
				doc:name="Property" />
			<set-payload
				value="{&quot;errors&quot;:[{&quot;statusCode&quot;:405,&quot;internalCode&quot;:&quot;405&quot;,&quot;description&quot;:&quot;Method not allowed&quot;,&quot;help_url&quot;:null}]}"
				doc:name="Set Payload" />
		</apikit:mapping>
		<apikit:mapping statusCode="415">
			<apikit:exception
				value="org.mule.module.apikit.exception.UnsupportedMediaTypeException" />
			<set-property propertyName="Content-Type" value="application/json"
				doc:name="Property" />
			<set-payload
				value="{&quot;errors&quot;:[{&quot;statusCode&quot;:415,&quot;internalCode&quot;:&quot;415&quot;,&quot;description&quot;:&quot;Unsupported media type&quot;,&quot;help_url&quot;:null}]}"
				doc:name="Set Payload" />
		</apikit:mapping>
		<apikit:mapping statusCode="406">
			<apikit:exception
				value="org.mule.module.apikit.exception.NotAcceptableException" />
			<set-property propertyName="Content-Type" value="application/json"
				doc:name="Property" />
			<set-payload
				value="{&quot;errors&quot;:[{&quot;statusCode&quot;:406,&quot;internalCode&quot;:&quot;406&quot;,&quot;description&quot;:&quot;Not acceptable&quot;,&quot;help_url&quot;:null}]}"
				doc:name="Set Payload" />
		</apikit:mapping>
		<apikit:mapping statusCode="400">
			<apikit:exception
				value="org.mule.module.apikit.exception.BadRequestException" />
			<set-property propertyName="Content-Type" value="application/json"
				doc:name="Property" />
			<set-payload
				value="{&quot;errors&quot;:[{&quot;statusCode&quot;:400,&quot;internalCode&quot;:&quot;400&quot;,&quot;description&quot;:&quot;bad request:#[org.mule.util.StringUtils.escape(exception.getCause().message)]&quot;,&quot;help_url&quot;:null}]}"
				doc:name="Set Payload" />
		</apikit:mapping>
		<apikit:mapping statusCode="400">
			<apikit:exception
				value="org.mule.consulting.flowcontrol.MissingQueryParameters" />
			<set-property propertyName="Content-Type" value="application/json"
				doc:name="Property" />
			<set-payload value="#[flowVars['errorMsg']]" doc:name="Set Payload" />
		</apikit:mapping>
		<apikit:mapping statusCode="401">
			<apikit:exception
				value="org.mule.module.apikit.exception.InvalidHeaderException" />
			<set-property propertyName="Content-Type" value="application/json"
				doc:name="Property" />
			<set-payload
				value="{&quot;errors&quot;:[{&quot;statusCode&quot;:401,&quot;internalCode&quot;:&quot;401&quot;,&quot;description&quot;:&quot;#[org.mule.util.StringUtils.escape(exception.getCause().message)]&quot;,&quot;help_url&quot;:null}]}"
				doc:name="Set Payload" />
		</apikit:mapping>
		<apikit:mapping statusCode="599">
			<apikit:exception value="java.util.concurrent.TimeoutException" />
			<set-property propertyName="http.reason" value="Internal Server Connect Timeout"
				doc:name="Property" />
			<set-property propertyName="Content-Type" value="application/json"
				doc:name="Property" />
			<set-payload
				value="{&quot;errors&quot;:[{&quot;statusCode&quot;:599,&quot;internalCode&quot;:&quot;599&quot;,&quot;description&quot;:&quot;Internal Server Connect Timeout: #[org.mule.util.StringUtils.escape(exception.getCause().message)]&quot;,&quot;help_url&quot;:null}]}"
				doc:name="Set Payload" />
		</apikit:mapping>
		<apikit:mapping statusCode="500">
			<apikit:exception value="java.lang.Exception" />
			<set-property propertyName="http.reason" value="Internal Server Error"
				doc:name="Property" />
			<set-property propertyName="Content-Type" value="application/json"
				doc:name="Property" />
			<set-payload
				value="{&quot;errors&quot;:[{&quot;statusCode&quot;:500,&quot;internalCode&quot;:&quot;500&quot;,&quot;transactionID&quot;:&quot;#[flowVars['x-ps-transaction-id']]&quot;,&quot;description&quot;:&quot;Details available in sso-intgr-svc log files.&quot;,&quot;help_url&quot;:null}]}"
				doc:name="Set Payload" />
		</apikit:mapping>
	</apikit:mapping-exception-strategy>
</mule>