<?xml version="1.0" encoding="UTF-8"?>
<mule xmlns:context="http://www.springframework.org/schema/context"
	xmlns:metadata="http://www.mulesoft.org/schema/mule/metadata" xmlns:json="http://www.mulesoft.org/schema/mule/json" xmlns:dw="http://www.mulesoft.org/schema/mule/ee/dw" xmlns:doc="http://www.mulesoft.org/schema/mule/documentation" xmlns:tracking="http://www.mulesoft.org/schema/mule/ee/tracking" xmlns="http://www.mulesoft.org/schema/mule/core" xmlns:apikit="http://www.mulesoft.org/schema/mule/apikit" xmlns:http="http://www.mulesoft.org/schema/mule/http" xmlns:spring="http://www.springframework.org/schema/beans" xmlns:xsi="http://www.w3.org/2001/XMLSchema-instance" xsi:schemaLocation="http://www.springframework.org/schema/context http://www.springframework.org/schema/context/spring-context-current.xsd
http://www.mulesoft.org/schema/mule/core http://www.mulesoft.org/schema/mule/core/current/mule.xsd
http://www.mulesoft.org/schema/mule/http http://www.mulesoft.org/schema/mule/http/current/mule-http.xsd
http://www.mulesoft.org/schema/mule/apikit http://www.mulesoft.org/schema/mule/apikit/current/mule-apikit.xsd
http://www.springframework.org/schema/beans http://www.springframework.org/schema/beans/spring-beans-3.1.xsd
http://www.mulesoft.org/schema/mule/ee/tracking http://www.mulesoft.org/schema/mule/ee/tracking/current/mule-tracking-ee.xsd
http://www.mulesoft.org/schema/mule/ee/dw http://www.mulesoft.org/schema/mule/ee/dw/current/dw.xsd
http://www.mulesoft.org/schema/mule/json http://www.mulesoft.org/schema/mule/json/current/mule-json.xsd">
	<flow name="get:/{applicationid}/ServiceProviderConfigs:api-config">
		<custom-interceptor class="org.mule.consulting.interceptor.TimerInterceptor"
			doc:name="Timer Interceptor">
			<spring:property name="timerName"
				value="sso-intgr-svc get:/ServiceProviderConfigs timer" />
		</custom-interceptor>
        <logger message="sso-intg enter get:/#[flowVars.applicationid]/ServiceProviderConfigs {&quot;transactionId&quot;:&quot;#[flowVars['x-ps-transaction-id']]&quot;,&quot;event&quot;:&quot;#[message.id]&quot;}" level="INFO" doc:name="get_capabilities_logger" category="applicationInfo"/>
        <expression-component doc:name="calc_flow_ServiceProviderConfigs"><![CDATA[flowVars.flowName="flow_"+message.inboundProperties.'http.method'.toLowerCase() +"_capabilities_" + flowVars.appid=flowVars.applicationid.split("-")[0].toLowerCase();
]]></expression-component>

        <flow-ref name="#[flowVars.flowName]" doc:name="Dynamic_flow_get_capabilities_sap"/>
        <logger message="sso-intg exit get:/#[flowVars.applicationid]/ServiceProviderConfigs {&quot;transactionId&quot;:&quot;#[flowVars['x-ps-transaction-id']]&quot;,&quot;event&quot;:&quot;#[message.id]&quot;}" level="INFO" doc:name="get_capabilities_exit_logger"/>
    </flow>
    <flow name="get:/{applicationid}/Users:api-config">
    	<custom-interceptor xmlns="http://www.mulesoft.org/schema/mule/core" class="org.mule.consulting.interceptor.TimerInterceptor" xmlns:doc="http://www.mulesoft.org/schema/mule/documentation" doc:name="Timer Interceptor">
			<spring:property xmlns:spring="http://www.springframework.org/schema/beans" name="timerName" value="sso-intgr-svc get:/Users timer"/>
		</custom-interceptor>
        <logger message="sso-intg enter get:/#[flowVars.applicationid]/Users {&quot;transactionId&quot;:&quot;#[flowVars['x-ps-transaction-id']]&quot;,&quot;event&quot;:&quot;#[message.id]&quot;}" level="INFO" doc:name="get_Users_logger" category="appplicationinfo"/>
        <expression-component doc:name="calc_Flow_name_get_user_applicationid"><![CDATA[flowVars.flowName="flow_"+message.inboundProperties.'http.method'.toLowerCase() +"_Users_" +flowVars.applicationid.split("-")[0].toLowerCase();]]></expression-component>
        <flow-ref name="#[flowVars.flowName]" doc:name="Dynamic_flow_get_Users_app"/>
        <logger message="sso-intg exit get:/#[flowVars.applicationid]/Users {&quot;transactionId&quot;:&quot;#[flowVars['x-ps-transaction-id']]&quot;,&quot;event&quot;:&quot;#[message.id]&quot;}" level="INFO" doc:name="get_Users_exit_logger"/>
    </flow>
	<flow name="post:/{applicationid}/Users:api-config">
		<custom-interceptor xmlns="http://www.mulesoft.org/schema/mule/core" class="org.mule.consulting.interceptor.TimerInterceptor" xmlns:doc="http://www.mulesoft.org/schema/mule/documentation" doc:name="Timer Interceptor">
			<spring:property xmlns:spring="http://www.springframework.org/schema/beans" name="timerName" value="sso-intgr-svc post:/Users timer"/>
		</custom-interceptor>
        <logger message="sso-intg enter post:/#[flowVars.applicationid]/Users {&quot;transactionId&quot;:&quot;#[flowVars['x-ps-transaction-id']]&quot;,&quot;event&quot;:&quot;#[message.id]&quot;}" level="INFO" doc:name="post_Users_logger"/>
       <!--  <enricher source="#[payload]" target="#[message.outboundProperties['dynschema']]" doc:name="Message Enricher">
            <flow-ref name="dynamicallyParsingSchema" doc:name="dyanSchemaFlow Reference"/>
        </enricher> -->

        <expression-component doc:name="calc_flow_name_post_user_applicationid"><![CDATA[flowVars.flowName="flow_"+message.inboundProperties.'http.method'.toLowerCase() +"_Users_" + flowVars.applicationid.split("-")[0].toLowerCase();



]]></expression-component>

        <flow-ref name="#[flowVars.flowName]" doc:name="Dynamic_flow_post_Users_app"/>
        <logger message="sso-intg exit post:/#[flowVars.applicationid]/Users {&quot;transactionId&quot;:&quot;#[flowVars['x-ps-transaction-id']]&quot;,&quot;event&quot;:&quot;#[message.id]&quot;}" level="INFO" doc:name="post_Users_exit_logger"/>
    </flow>
	<flow name="get:/{applicationid}/Users/{id}:api-config">
		<custom-interceptor xmlns="http://www.mulesoft.org/schema/mule/core" class="org.mule.consulting.interceptor.TimerInterceptor" xmlns:doc="http://www.mulesoft.org/schema/mule/documentation" doc:name="Timer Interceptor">
			<spring:property xmlns:spring="http://www.springframework.org/schema/beans" name="timerName" value="sso-intgr-svc get:/Users/id timer"/>
		</custom-interceptor>

        <logger message="sso-intg enter get:/#[flowVars.applicationid]/Users/#[flowVars.id] {&quot;transactionId&quot;:&quot;#[flowVars['x-ps-transaction-id']]&quot;,&quot;event&quot;:&quot;#[message.id]&quot;}" level="INFO" doc:name="get_Users_id_logger"/>
        <expression-component doc:name="calc_flow_name_get_user_id_applicationid"><![CDATA[flowVars.flowName="flow_"+message.inboundProperties.'http.method'.toLowerCase() +"_Users_id_" + flowVars.applicationid.split("-")[0].toLowerCase();]]></expression-component>

        <flow-ref name="#[flowVars.flowName]" doc:name="Dynamic_flow_get_Users_id_app"/>
        <logger message="sso-intg exit get:/#[flowVars.applicationid]/Users/#[flowVars.id] {&quot;transactionId&quot;:&quot;#[flowVars['x-ps-transaction-id']]&quot;,&quot;event&quot;:&quot;#[message.id]&quot;}" level="INFO" doc:name="get_Users_id_exit_logger"/>
    </flow>
	<flow name="put:/{applicationid}/Users/{id}:api-config">
		<custom-interceptor xmlns="http://www.mulesoft.org/schema/mule/core" class="org.mule.consulting.interceptor.TimerInterceptor" xmlns:doc="http://www.mulesoft.org/schema/mule/documentation" doc:name="Timer Interceptor">
			<spring:property xmlns:spring="http://www.springframework.org/schema/beans" name="timerName" value="sso-intgr-svc put:/Users/id timer"/>
		</custom-interceptor>
        <logger message="sso-intg enter put:/#[flowVars.applicationid]/user/#[flowVars.id] {&quot;transactionId&quot;:&quot;#[flowVars['x-ps-transaction-id']]&quot;,&quot;event&quot;:&quot;#[message.id]&quot;}" level="INFO" doc:name="put_Users_logger" category="applicationinfo"/>
        <expression-component doc:name="calc_flow_name_put_user_id_applicationid"><![CDATA[flowVars.flowName="flow_"+message.inboundProperties.'http.method'.toLowerCase() +"_Users_id_" + flowVars.applicationid.split("-")[0].toLowerCase();]]></expression-component>
        <flow-ref name="#[flowVars.flowName]" doc:name="Dynamic_flow_put_Users_id_app"/>
        <logger message="sso-intg exit put:/#[flowVars.applicationid]/user/#[flowVars.id] {&quot;transactionId&quot;:&quot;#[flowVars['x-ps-transaction-id']]&quot;,&quot;event&quot;:&quot;#[message.id]&quot;}" level="INFO" doc:name="put_Users_exit_logger"/>
    </flow>
	<flow name="get:/{applicationid}/Groups:api-config">
		<custom-interceptor xmlns="http://www.mulesoft.org/schema/mule/core" class="org.mule.consulting.interceptor.TimerInterceptor" xmlns:doc="http://www.mulesoft.org/schema/mule/documentation" doc:name="Timer Interceptor">
			<spring:property xmlns:spring="http://www.springframework.org/schema/beans" name="timerName" value="sso-intgr-svc get:/Groups timer"/>
		</custom-interceptor>
        <logger message="sso-intg enter get:/#[flowVars.applicationid]/Groups {&quot;transactionId&quot;:&quot;#[flowVars['x-ps-transaction-id']]&quot;,&quot;event&quot;:&quot;#[message.id]&quot;}" level="INFO" doc:name="get_Groups_logger"/>
        <expression-component doc:name="calc_flow_name_get_group_applicationid"><![CDATA[flowVars.flowName="flow_"+message.inboundProperties.'http.method'.toLowerCase() +"_Groups_" +flowVars.appid=flowVars.applicationid.split("-")[0].toLowerCase();]]></expression-component>
        <flow-ref name="#[flowVars.flowName]" doc:name="Dynamic_flow_get_Groups_app"/>
        <logger message="sso-intg exit get:/#[flowVars.applicationid]/Groups {&quot;transactionId&quot;:&quot;#[flowVars['x-ps-transaction-id']]&quot;,&quot;event&quot;:&quot;#[message.id]&quot;}" level="INFO" doc:name="get_Groups_exit_logger"/>
    </flow>
	<flow name="post:/{applicationid}/Groups:api-config">
		<custom-interceptor xmlns="http://www.mulesoft.org/schema/mule/core" class="org.mule.consulting.interceptor.TimerInterceptor" xmlns:doc="http://www.mulesoft.org/schema/mule/documentation" doc:name="Timer Interceptor">
			<spring:property xmlns:spring="http://www.springframework.org/schema/beans" name="timerName" value="sso-intgr-svc post:/Groups timer"/>
		</custom-interceptor>
        <logger message="sso-intg enter post:/#[flowVars.applicationid]/Groups {&quot;transactionId&quot;:&quot;#[flowVars['x-ps-transaction-id']]&quot;,&quot;event&quot;:&quot;#[message.id]&quot;}" level="INFO" doc:name="post_Groups_logger" category="applicationinfo"/>
        <expression-component doc:name="calc_flow_name_post_group_applicationid"><![CDATA[flowVars.flowName="flow_"+message.inboundProperties.'http.method'.toLowerCase() +"_Groups_" + flowVars.applicationid.split("-")[0].toLowerCase();]]></expression-component>
        <flow-ref name="#[flowVars.flowName]" doc:name="Dynamic_flow_post_Groups_app"/>
        <logger message="sso-intg exit post:/#[flowVars.applicationid]/Groups {&quot;transactionId&quot;:&quot;#[flowVars['x-ps-transaction-id']]&quot;,&quot;event&quot;:&quot;#[message.id]&quot;}" level="INFO" doc:name="post_Groups_exit_logger"/>
    </flow>
	<flow name="get:/{applicationid}/Groups/{id}:api-config">
		<custom-interceptor xmlns="http://www.mulesoft.org/schema/mule/core" class="org.mule.consulting.interceptor.TimerInterceptor" xmlns:doc="http://www.mulesoft.org/schema/mule/documentation" doc:name="Timer Interceptor">
			<spring:property xmlns:spring="http://www.springframework.org/schema/beans" name="timerName" value="sso-intgr-svc get:/Groups/id timer"/>
		</custom-interceptor>
        <logger message="sso-intg enter get:/#[flowVars.applicationid]/Groups/#[flowVars.id] {&quot;transactionId&quot;:&quot;#[flowVars['x-ps-transaction-id']]&quot;,&quot;event&quot;:&quot;#[message.id]&quot;}" level="INFO" doc:name="get_Groups_id_logger" category="applicationinfo"/>
        <expression-component doc:name="calc_flow_name_get_group_id_applicationid"><![CDATA[flowVars.flowName="flow_"+message.inboundProperties.'http.method'.toLowerCase() +"_Groups_id_" + flowVars.applicationid.split("-")[0].toLowerCase();]]></expression-component>
        <flow-ref name="#[flowVars.flowName]" doc:name="Dynamic_flow_get_Groups_id_app"/>
        <logger message="sso-intg exit get:/#[flowVars.applicationid]/Groups/#[flowVars.id] {&quot;transactionId&quot;:&quot;#[flowVars['x-ps-transaction-id']]&quot;,&quot;event&quot;:&quot;#[message.id]&quot;}" level="INFO" doc:name="get_Groups_id_logger"/>
    </flow>
	<flow name="put:/{applicationid}/Groups/{id}:api-config">
	<custom-interceptor xmlns="http://www.mulesoft.org/schema/mule/core" class="org.mule.consulting.interceptor.TimerInterceptor" xmlns:doc="http://www.mulesoft.org/schema/mule/documentation" doc:name="Timer Interceptor">
			<spring:property xmlns:spring="http://www.springframework.org/schema/beans" name="timerName" value="sso-intgr-svc put:/Groups/id timer"/>
		</custom-interceptor>
        <logger message="so-intg enter put:/#[flowVars.applicationid]/Groups/#[flowVars.id] {&quot;transactionId&quot;:&quot;#[flowVars['x-ps-transaction-id']]&quot;,&quot;event&quot;:&quot;#[message.id]&quot;}" level="INFO" doc:name="put_Groups_logger" category="applicationinfo"/>
        <expression-component doc:name="calc_flow_name_put_group_id_applicationid"><![CDATA[flowVars.flowName="flow_"+message.inboundProperties.'http.method'.toLowerCase() +"_Groups_id_" +flowVars.applicationid.split("-")[0].toLowerCase();]]></expression-component>
        <flow-ref name="#[flowVars.flowName]" doc:name="Dynamic_flow_put_Groups_id_app"/>
        <logger message="sso-intg exit put:/#[flowVars.applicationid]/Groups/#[flowVars.id] {&quot;transactionId&quot;:&quot;#[flowVars['x-ps-transaction-id']]&quot;,&quot;event&quot;:&quot;#[message.id]&quot;}" level="INFO" doc:name="put_Groups_exit_logger"/>
    </flow>
    <flow name="delete:/{applicationid}/Groups/{id}:api-config">
    <custom-interceptor xmlns="http://www.mulesoft.org/schema/mule/core" class="org.mule.consulting.interceptor.TimerInterceptor" xmlns:doc="http://www.mulesoft.org/schema/mule/documentation" doc:name="Timer Interceptor">
			<spring:property xmlns:spring="http://www.springframework.org/schema/beans" name="timerName" value="sso-intgr-svc delete:/Groups/id timer"/>
		</custom-interceptor>
        <logger message="sso-intg enter delete:/#[flowVars.applicationid]/Groups/#[flowVars.id] {&quot;transactionId&quot;:&quot;#[flowVars['x-ps-transaction-id']]&quot;,&quot;event&quot;:&quot;#[message.id]&quot;}" level="INFO" doc:name="delete_Groups_logger" category="applicationinfo"/>
        <expression-component doc:name="calc_flow_name_delete_group_id_applicationid"><![CDATA[flowVars.flowName="flow_"+message.inboundProperties.'http.method'.toLowerCase() +"_Groups_id_" + flowVars.applicationid.split("-")[0].toLowerCase();]]></expression-component>
        <flow-ref name="#[flowVars.flowName]" doc:name="Dynamic_flow_delete_Groups_id_app"/>
        <logger message="sso-intg enter delete:/#[flowVars.applicationid]/Groups/#[flowVars.id] {&quot;transactionId&quot;:&quot;#[flowVars['x-ps-transaction-id']]&quot;,&quot;event&quot;:&quot;#[message.id]&quot;}" level="INFO" doc:name="delete_Groups_exit_logger"/>
    </flow>
</mule>