<?xml version="1.0" encoding="UTF-8"?>

<mule xmlns="http://www.mulesoft.org/schema/mule/core" xmlns:doc="http://www.mulesoft.org/schema/mule/documentation"
	xmlns:spring="http://www.springframework.org/schema/beans" 
	xmlns:xsi="http://www.w3.org/2001/XMLSchema-instance"
	xsi:schemaLocation="http://www.springframework.org/schema/beans http://www.springframework.org/schema/beans/spring-beans-current.xsd
http://www.mulesoft.org/schema/mule/core http://www.mulesoft.org/schema/mule/core/current/mule.xsd">
	<!--  <flow name="flow_get_capabilities_microstrategy">
        <set-payload  doc:name="Set Payload" mimeType="application/json" value="{&quot;schemas&quot;:[&quot;urn:scim:schemas:core:1.0&quot;,&quot;urn:okta:schemas:scim:providerconfig:1.0&quot;],&quot;documentationUrl&quot;:&quot;https://support.okta.com/scim-fake-page.html&quot;,&quot;patch&quot;:{&quot;supported&quot;:false},&quot;bulk&quot;:{&quot;supported&quot;:false},&quot;filter&quot;:{&quot;supported&quot;:true,&quot;maxResults&quot;:100},&quot;changePassword&quot;:{&quot;supported&quot;:true},&quot;sort&quot;:{&quot;supported&quot;:false},&quot;etag&quot;:{&quot;supported&quot;:false},&quot;authenticationSchemes&quot;:[],&quot;urn:okta:schemas:scim:providerconfig:1.0&quot;:{&quot;userManagementCapabilities&quot;:[${sso.microstrategy.managementCapabilities}]}}"/>
    </flow> -->
	<flow name="flow_get_users_microstrategy">
        <logger message="in #[flowVars.applicationid] get #[message.inboundProperties.'http.request.path'.]" level="INFO" doc:name="Logger"/>
        <set-payload value="in #[flowVars.applicationid] get users set payload" doc:name="Set Payload"/>
    </flow>
    <flow name="flow_post_users_microstrategy">
        <logger message="in #[flowVars.applicationid] post #[message.inboundProperties.'http.request.path'.]  " level="INFO" doc:name="Logger"/>
        <set-payload value="in #[flowVars.applicationid] post users set payload" doc:name="Set Payload"/>
    </flow>
    <flow name="flow_get_users_userid_microstrategy">
        <logger message="in #[flowVars.applicationid] get #[message.inboundProperties.'http.request.path'.]" level="INFO" doc:name="Logger"/>
        <set-payload value="in #[flowVars.applicationid] get users with userid #[flowVars.userid] set payload {" doc:name="Set Payload"/>
    </flow>
    <flow name="flow_put_users_userid_microstrategy">
        <logger message="in #[flowVars.applicationid] put #[message.inboundProperties.'http.request.path'.]" level="INFO" doc:name="Logger"/>
        <set-payload value="in #[flowVars.applicationid] put users with userid #[flowVars.userid] set payload" doc:name="Set Payload"/>
    </flow>
    <flow name="flow_get_groups_microstrategy">
        <logger message="in #[flowVars.applicationid] get #[message.inboundProperties.'http.request.path'.]" level="INFO" doc:name="Logger"/>
        <set-payload value="in #[flowVars.applicationid] get groups set payload" doc:name="Set Payload"/>
    </flow>
    <flow name="flow_post_groups_microstrategy">
        <logger message="in #[flowVars.applicationid] post #[message.inboundProperties.'http.request.path'.]" level="INFO" doc:name="Logger"/>
        <set-payload value="in #[flowVars.applicationid] post groups set payload" doc:name="Set Payload"/>
    </flow>
    <flow name="flow_get_groups_groupid_microstrategy">
        <logger message="in #[flowVars.applicationid] get #[message.inboundProperties.'http.request.path'.]" level="INFO" doc:name="Logger"/>
        <set-payload value="in #[flowVars.applicationid] get groups with groupid #[flowVars.groupid] set payload" doc:name="Set Payload"/>
    </flow>
    <flow name="flow_put_groups_groupid_microstrategy">
        <logger message="in #[flowVars.applicationid] put #[message.inboundProperties.'http.request.path'.]" level="INFO" doc:name="Logger"/>
        <set-payload value="in #[flowVars.applicationid] put groups with groupid #[flowVars.groupid]  set payload" doc:name="Set Payload"/>
    </flow>
    <flow name="flow_delete_groups_groupid_microstrategy">
        <logger message="in #[flowVars.applicationid] delete #[message.inboundProperties.'http.request.path'.]" level="INFO" doc:name="Logger"/>
        <set-payload value="in #[flowVars.applicationid] delete with groupid #[flowVars.groupid] set payload" doc:name="Set Payload"/>
    </flow>
</mule>
