<?xml version="1.0" encoding="UTF-8"?>

<mule xmlns:json="http://www.mulesoft.org/schema/mule/json"
	xmlns:db="http://www.mulesoft.org/schema/mule/db" xmlns:metadata="http://www.mulesoft.org/schema/mule/metadata"
	xmlns:tracking="http://www.mulesoft.org/schema/mule/ee/tracking"
	xmlns:dw="http://www.mulesoft.org/schema/mule/ee/dw" xmlns:http="http://www.mulesoft.org/schema/mule/http"
	xmlns:encryption="http://www.mulesoft.org/schema/mule/encryption"
	xmlns="http://www.mulesoft.org/schema/mule/core" xmlns:doc="http://www.mulesoft.org/schema/mule/documentation"
	xmlns:spring="http://www.springframework.org/schema/beans" xmlns:xsi="http://www.w3.org/2001/XMLSchema-instance"
	xsi:schemaLocation="http://www.mulesoft.org/schema/mule/json http://www.mulesoft.org/schema/mule/json/current/mule-json.xsd
http://www.springframework.org/schema/beans http://www.springframework.org/schema/beans/spring-beans-current.xsd
http://www.mulesoft.org/schema/mule/http http://www.mulesoft.org/schema/mule/http/current/mule-http.xsd
http://www.mulesoft.org/schema/mule/ee/tracking http://www.mulesoft.org/schema/mule/ee/tracking/current/mule-tracking-ee.xsd
http://www.mulesoft.org/schema/mule/ee/dw http://www.mulesoft.org/schema/mule/ee/dw/current/dw.xsd
http://www.mulesoft.org/schema/mule/core http://www.mulesoft.org/schema/mule/core/current/mule.xsd
http://www.mulesoft.org/schema/mule/encryption http://www.mulesoft.org/schema/mule/encryption/current/mule-encryption.xsd
http://www.mulesoft.org/schema/mule/db http://www.mulesoft.org/schema/mule/db/current/mule-db.xsd">
	<encryption:config name="Encrypt_Decrypt" doc:name="Encryption" />
	<db:oracle-config name="Oracle_Configuration" host="${oms.db.host}"
		port="${oms.db.port}" instance="${oms.db.sid}" user="${oms.db.user}"
		password="${oms.db.password}" doc:name="Oracle Configuration" />
	<http:request-config name="HTTP_Req_Config_OMS"
		host="${oms.host}" port="${oms.port}" basePath="${oms.basepath}"
		doc:name="HTTP Request Configuration" connectionIdleTimeout="60000"
		responseTimeout="30000" protocol="HTTPS">
		<http:basic-authentication username="${oms.username}"
			password="${oms.password}" />
	</http:request-config>
	<flow name="flow_get_capabilities_oms">
		<set-payload doc:name="Set Payload" mimeType="application/json"
			value="{&quot;schemas&quot;:[&quot;urn:scim:schemas:core:1.0&quot;,&quot;urn:okta:schemas:scim:providerconfig:1.0&quot;],&quot;documentationUrl&quot;:&quot;https://support.okta.com/scim-fake-page.html&quot;,&quot;patch&quot;:{&quot;supported&quot;:false},&quot;bulk&quot;:{&quot;supported&quot;:false},&quot;filter&quot;:{&quot;supported&quot;:true,&quot;maxResults&quot;:100},&quot;changePassword&quot;:{&quot;supported&quot;:true},&quot;sort&quot;:{&quot;supported&quot;:false},&quot;etag&quot;:{&quot;supported&quot;:false},&quot;authenticationSchemes&quot;:[],&quot;urn:okta:schemas:scim:providerconfig:1.0&quot;:{&quot;userManagementCapabilities&quot;:[${sso.oms.managementCapabilities}]}}" />
		<logger message="flow_get_capabilities_oms END===#[payload]"
			level="INFO" doc:name="Logger" />

	</flow>
	<flow name="flow_get_Users_oms">
		<custom-interceptor xmlns="http://www.mulesoft.org/schema/mule/core"
			class="org.mule.consulting.interceptor.TimerInterceptor" xmlns:doc="http://www.mulesoft.org/schema/mule/documentation"
			doc:name="Timer Interceptor">
			<spring:property xmlns:spring="http://www.springframework.org/schema/beans"
				name="timerName" value="sso-intgr-svc-impl flow_get_Users_oms" />
		</custom-interceptor>
		<logger
			message="sso-intgr-svc-impl enter flow_get_Users_oms {&quot;transactionId&quot;:&quot;#[flowVars['x-ps-transaction-id']]&quot;,&quot;event&quot;:&quot;#[message.id]&quot;}"
			level="INFO" doc:name="flow_get_Users_oms" category="appplicationinfo" />
		<logger message="sso-intgr-svc-impl flow_get_Users_oms message:#[message]"
			level="INFO" doc:name="Logger" />


		<expression-component doc:name="Expression"><![CDATA[if(message.inboundProperties['http.uri.params'].applicationid != null){
   appIDTemp  = message.inboundProperties['http.uri.params'].applicationid;
	if(appIDTemp.split("-").size() > 1){
		flowVars['countryCode'] = appIDTemp.split("-")[1].toUpperCase();
		if(appIDTemp.split("-")[1].toUpperCase().equals("US")){
			 flowVars['omsSchema']="${oms.okta.us.schema}";
		}else if(appIDTemp.split("-")[1].toUpperCase().equals("CA")){
			flowVars['omsSchema']="${oms.okta.ca.schema}";
		}else{
			flowVars['countryCode']="";
			flowVars['omsSchema']="${oms.okta.stores.schema}";
		}  
	}else{
		flowVars['countryCode']="";
    	flowVars['omsSchema']="${oms.okta.stores.schema}";
	}
}else{
	flowVars['countryCode']="";
    flowVars['omsSchema']="${oms.okta.stores.schema}";
}
flowVars['totalUsers']=0;
if(message.inboundProperties['http.query.params'].size() ==3 && message.inboundProperties['http.query.params'].filter !=null ){
	flowVars['userNameFilter']=message.inboundProperties['http.query.params'].filter.split("eq")[1].split("\"")[1];
}else{
	flowVars['userNameFilter']="";
}

if(message.inboundProperties['http.query.params'].startIndex !=null && message.inboundProperties['http.query.params'].count !=null)
{
startIndexVal =message.inboundProperties['http.query.params'].startIndex;
countVal= message.inboundProperties['http.query.params'].count;
flowVars['startIndexVal'] =Integer.parseInt( startIndexVal);
flowVars['startIndex'] =Integer.parseInt( startIndexVal)-1;
flowVars['count'] = Integer.parseInt(message.inboundProperties['http.query.params'].count);
flowVars['endIndex'] =Integer.parseInt(flowVars['startIndex'])+Integer.parseInt(countVal)-1;
}
else
{
flowVars['startIndex'] =Integer.parseInt(0);
flowVars['endIndex'] =Integer.parseInt(0)+Integer.parseInt(100)-1;
}
]]></expression-component>
		<choice doc:name="Choice">
			<when expression="#[flowVars.userNameFilter !=&quot;&quot;]">
				<db:select config-ref="Oracle_Configuration" doc:name="OMS_Fetch_For_User_Filter">
                    <db:parameterized-query><![CDATA[SELECT
      DISTINCT
      c.company_name
      ,c.company_id
      ,lu.location_name
      ,ut.abbreviation role_name
      ,uu.USER_NAME User_Name
      ,uu.USER_FIRST_NAME First_Name
      ,uu.USER_MIDDLE_NAME Middle_Name
      ,uu.user_last_name last_name
      ,uu.USER_TITLE Title
      ,uu.TELEPHONE_NUMBER Phone
      ,uu.address_1 address_line_one
      ,uu.ADDRESS_2 Address_Line_Two
      ,uu.CITY City
      ,uu.postal_code
      ,uu.state_prov_code
      ,uu.country_code country
      ,l.locale_name
      ,uu.user_email_1 email
      ,uu.user_email_2 other_email_address
      ,decode(uu.is_active, 1, 'Enabled', 'Disabled') user_status
      ,decode(uu.comm_method_id_during_bh_1, 12, 'Email', 'Other') during_business_hours_1_method  -- code of 12 in COMM_METHOD_UCL is Email.  Mapping says to have Email/Other
      ,decode(uu.comm_method_id_after_bh_1, 12, 'Email', 'Other') after_business_hours_1_method    -- code of 12 in COMM_METHOD_UCL is Email.  Mapping says to have Email/Other
      ,uu.tax_id_nbr
      ,to_char(uu.emp_start_date, 'MM/DD/YYYY') start_date
      ,uu.gender_id
     ,to_char(uu.birth_date, 'MM/DD/YYYY') birth_date
      ,r.role_name ROLE
      ,rg.region_name  region
      ,c.company_name business_unit  -- we are keeping this the same as the company name
     ,subquery.RESTRICTED_SOLUTION
FROM  lmda.ucl_user uu
     ,lmda.ROLE r
     ,lmda.access_control ac
     ,lmda.region rg
     ,lmda.company c
     ,lmda.location_ucl lu
     ,lmda.locale l
     ,lmda.user_type ut
--     ,lmda.xsolution_user xu
--     ,lmda.XSOLUTION x 
     ,(SELECT uu.USER_NAME, 
   LISTAGG(x.NAME, ',') WITHIN GROUP (ORDER BY uu.USER_NAME) AS RESTRICTED_SOLUTION
FROM  lmda.ucl_user uu
     ,lmda.XSOLUTION_USER xu
     ,lmda.XSOLUTION x
WHERE 1=1
   AND xu.UCL_USER_ID = uu.ucl_user_id
   AND x.XSOLUTION_ID = xu.XSOLUTION_ID
GROUP BY uu.USER_NAME) subquery
WHERE 1=1
  AND uu.ucl_user_id = ac.ucl_user_id
  AND uu.user_type_id = ut.user_type_id
  AND ac.role_id = r.role_id
  AND ac.geo_region_id = rg.region_id (+)
  AND uu.company_id IN (8840, 8885)
  AND uu.company_id = c.company_id
  AND uu.location_id = lu.location_id
  AND uu.locale_id = l.locale_id
  AND subquery.user_name (+) =  uu.user_name
  AND uu.USER_NAME = #[flowVars['userNameFilter']]]]></db:parameterized-query>

				</db:select>
				<set-variable variableName="totalUsers" value="1"
					doc:name="Variable" />
			</when>
			<when
				expression="#[flowVars.userNameFilter == &quot;&quot; &amp;&amp; flowVars.countryCode == &quot;US&quot;]">
                <db:select config-ref="Oracle_Configuration" doc:name="OMS_Fetch_For_US_Total">
                    <db:parameterized-query><![CDATA[SELECT
      count(uu.USER_NAME) totalUsers
FROM  lmda.ucl_user uu
     ,lmda.ROLE r
     ,lmda.access_control ac
     ,lmda.region rg
     ,lmda.company c
     ,lmda.location_ucl lu
     ,lmda.locale l
     ,lmda.user_type ut
--     ,lmda.xsolution_user xu
--     ,lmda.XSOLUTION x 
     ,(SELECT uu.USER_NAME, 
   LISTAGG(x.NAME, ',') WITHIN GROUP (ORDER BY uu.USER_NAME) AS RESTRICTED_SOLUTION
FROM  lmda.ucl_user uu
     ,lmda.XSOLUTION_USER xu
     ,lmda.XSOLUTION x
WHERE 1=1
   AND xu.UCL_USER_ID = uu.ucl_user_id
   AND x.XSOLUTION_ID = xu.XSOLUTION_ID
GROUP BY uu.USER_NAME) subquery
WHERE 1=1
  AND uu.ucl_user_id = ac.ucl_user_id
  AND uu.user_type_id = ut.user_type_id
  AND ac.role_id = r.role_id
  AND ac.geo_region_id = rg.region_id (+)
  AND uu.company_id IN (8840, 8885)
  AND uu.company_id = c.company_id
  AND uu.location_id = lu.location_id
  AND uu.locale_id = l.locale_id
  AND subquery.user_name (+) =  uu.user_name
  AND UPPER(uu.USER_NAME) like '%_US']]></db:parameterized-query>
                </db:select>

				<set-variable variableName="totalUsers"
					value="#[Integer.parseInt(payload[0].totalUsers)]" doc:name="Variable" />
				<db:select config-ref="Oracle_Configuration" doc:name="OMS_Fetch_For_US">
                    <db:parameterized-query><![CDATA[SELECT
      DISTINCT
      c.company_name
      ,c.company_id
      ,lu.location_name
      ,ut.abbreviation role_name
      ,uu.USER_NAME User_Name
      ,uu.USER_FIRST_NAME First_Name
      ,uu.USER_MIDDLE_NAME Middle_Name
      ,uu.user_last_name last_name
      ,uu.USER_TITLE Title
      ,uu.TELEPHONE_NUMBER Phone
      ,uu.address_1 address_line_one
      ,uu.ADDRESS_2 Address_Line_Two
      ,uu.CITY City
      ,uu.postal_code
      ,uu.state_prov_code
      ,uu.country_code country
      ,l.locale_name
      ,uu.user_email_1 email
      ,uu.user_email_2 other_email_address
      ,decode(uu.is_active, 1, 'Enabled', 'Disabled') user_status
      ,decode(uu.comm_method_id_during_bh_1, 12, 'Email', 'Other') during_business_hours_1_method  -- code of 12 in COMM_METHOD_UCL is Email.  Mapping says to have Email/Other
      ,decode(uu.comm_method_id_after_bh_1, 12, 'Email', 'Other') after_business_hours_1_method    -- code of 12 in COMM_METHOD_UCL is Email.  Mapping says to have Email/Other
      ,uu.tax_id_nbr
      ,to_char(uu.emp_start_date, 'MM/DD/YYYY') start_date
      ,uu.gender_id
     ,to_char(uu.birth_date, 'MM/DD/YYYY') birth_date
      ,r.role_name ROLE
      ,rg.region_name  region
      ,c.company_name business_unit  -- we are keeping this the same as the company name
     ,subquery.RESTRICTED_SOLUTION
FROM  lmda.ucl_user uu
     ,lmda.ROLE r
     ,lmda.access_control ac
     ,lmda.region rg
     ,lmda.company c
     ,lmda.location_ucl lu
     ,lmda.locale l
     ,lmda.user_type ut
--     ,lmda.xsolution_user xu
--     ,lmda.XSOLUTION x 
     ,(SELECT uu.USER_NAME, 
   LISTAGG(x.NAME, ',') WITHIN GROUP (ORDER BY uu.USER_NAME) AS RESTRICTED_SOLUTION
FROM  lmda.ucl_user uu
     ,lmda.XSOLUTION_USER xu
     ,lmda.XSOLUTION x
WHERE 1=1
   AND xu.UCL_USER_ID = uu.ucl_user_id
   AND x.XSOLUTION_ID = xu.XSOLUTION_ID
GROUP BY uu.USER_NAME) subquery
WHERE 1=1
  AND uu.ucl_user_id = ac.ucl_user_id
  AND uu.user_type_id = ut.user_type_id
  AND ac.role_id = r.role_id
  AND ac.geo_region_id = rg.region_id (+)
  AND uu.company_id IN (8840, 8885)
  AND uu.company_id = c.company_id
  AND uu.location_id = lu.location_id
  AND uu.locale_id = l.locale_id
  AND subquery.user_name (+) =  uu.user_name
  AND UPPER(uu.USER_NAME) like '%_US']]></db:parameterized-query>

				</db:select>
			</when>
			<when
				expression="#[flowVars.userNameFilter == &quot;&quot; &amp;&amp; flowVars.countryCode == &quot;CA&quot;]">
				<db:select config-ref="Oracle_Configuration" doc:name="OMS_Fetch_For_CA_Total">
                    <db:parameterized-query><![CDATA[SELECT
      count(uu.USER_NAME) totalUsers
FROM  lmda.ucl_user uu
     ,lmda.ROLE r
     ,lmda.access_control ac
     ,lmda.region rg
     ,lmda.company c
     ,lmda.location_ucl lu
     ,lmda.locale l
     ,lmda.user_type ut
--     ,lmda.xsolution_user xu
--     ,lmda.XSOLUTION x 
     ,(SELECT uu.USER_NAME, 
   LISTAGG(x.NAME, ',') WITHIN GROUP (ORDER BY uu.USER_NAME) AS RESTRICTED_SOLUTION
FROM  lmda.ucl_user uu
     ,lmda.XSOLUTION_USER xu
     ,lmda.XSOLUTION x
WHERE 1=1
   AND xu.UCL_USER_ID = uu.ucl_user_id
   AND x.XSOLUTION_ID = xu.XSOLUTION_ID
GROUP BY uu.USER_NAME) subquery
WHERE 1=1
  AND uu.ucl_user_id = ac.ucl_user_id
  AND uu.user_type_id = ut.user_type_id
  AND ac.role_id = r.role_id
  AND ac.geo_region_id = rg.region_id (+)
  AND uu.company_id IN (8840, 8885)
  AND uu.company_id = c.company_id
  AND uu.location_id = lu.location_id
  AND uu.locale_id = l.locale_id
  AND subquery.user_name (+) =  uu.user_name
  AND UPPER(uu.USER_NAME) like '%_CA']]></db:parameterized-query>

				</db:select>
				<set-variable variableName="totalUsers"
					value="#[Integer.parseInt(payload[0].totalUsers)]" doc:name="Variable" />
				<db:select config-ref="Oracle_Configuration" doc:name="OMS_Fetch_For_CA">
                    <db:parameterized-query><![CDATA[SELECT
      DISTINCT
      c.company_name
      ,c.company_id
      ,lu.location_name
      ,ut.abbreviation role_name
      ,uu.USER_NAME User_Name
      ,uu.USER_FIRST_NAME First_Name
      ,uu.USER_MIDDLE_NAME Middle_Name
      ,uu.user_last_name last_name
      ,uu.USER_TITLE Title
      ,uu.TELEPHONE_NUMBER Phone
      ,uu.address_1 address_line_one
      ,uu.ADDRESS_2 Address_Line_Two
      ,uu.CITY City
      ,uu.postal_code
      ,uu.state_prov_code
      ,uu.country_code country
      ,l.locale_name
      ,uu.user_email_1 email
      ,uu.user_email_2 other_email_address
      ,decode(uu.is_active, 1, 'Enabled', 'Disabled') user_status
      ,decode(uu.comm_method_id_during_bh_1, 12, 'Email', 'Other') during_business_hours_1_method  -- code of 12 in COMM_METHOD_UCL is Email.  Mapping says to have Email/Other
      ,decode(uu.comm_method_id_after_bh_1, 12, 'Email', 'Other') after_business_hours_1_method    -- code of 12 in COMM_METHOD_UCL is Email.  Mapping says to have Email/Other
      ,uu.tax_id_nbr
      ,to_char(uu.emp_start_date, 'MM/DD/YYYY') start_date
      ,uu.gender_id
     ,to_char(uu.birth_date, 'MM/DD/YYYY') birth_date
      ,r.role_name ROLE
      ,rg.region_name  region
      ,c.company_name business_unit  -- we are keeping this the same as the company name
     ,subquery.RESTRICTED_SOLUTION
FROM  lmda.ucl_user uu
     ,lmda.ROLE r
     ,lmda.access_control ac
     ,lmda.region rg
     ,lmda.company c
     ,lmda.location_ucl lu
     ,lmda.locale l
     ,lmda.user_type ut
--     ,lmda.xsolution_user xu
--     ,lmda.XSOLUTION x 
     ,(SELECT uu.USER_NAME, 
   LISTAGG(x.NAME, ',') WITHIN GROUP (ORDER BY uu.USER_NAME) AS RESTRICTED_SOLUTION
FROM  lmda.ucl_user uu
     ,lmda.XSOLUTION_USER xu
     ,lmda.XSOLUTION x
WHERE 1=1
   AND xu.UCL_USER_ID = uu.ucl_user_id
   AND x.XSOLUTION_ID = xu.XSOLUTION_ID
GROUP BY uu.USER_NAME) subquery
WHERE 1=1
  AND uu.ucl_user_id = ac.ucl_user_id
  AND uu.user_type_id = ut.user_type_id
  AND ac.role_id = r.role_id
  AND ac.geo_region_id = rg.region_id (+)
  AND uu.company_id IN (8840, 8885)
  AND uu.company_id = c.company_id
  AND uu.location_id = lu.location_id
  AND uu.locale_id = l.locale_id
  AND subquery.user_name (+) =  uu.user_name
  AND UPPER(uu.USER_NAME) like '%_CA']]></db:parameterized-query>

				</db:select>
			</when>
			<otherwise>
				<db:select config-ref="Oracle_Configuration" doc:name="opy_of_OMS_Fetch_Dflt_Total">
                    <db:parameterized-query><![CDATA[SELECT
      count(uu.USER_NAME) totalUsers
FROM  lmda.ucl_user uu
     ,lmda.ROLE r
     ,lmda.access_control ac
     ,lmda.region rg
     ,lmda.company c
     ,lmda.location_ucl lu
     ,lmda.locale l
     ,lmda.user_type ut
--     ,lmda.xsolution_user xu
--     ,lmda.XSOLUTION x 
     ,(SELECT uu.USER_NAME, 
   LISTAGG(x.NAME, ',') WITHIN GROUP (ORDER BY uu.USER_NAME) AS RESTRICTED_SOLUTION
FROM  lmda.ucl_user uu
     ,lmda.XSOLUTION_USER xu
     ,lmda.XSOLUTION x
WHERE 1=1
   AND xu.UCL_USER_ID = uu.ucl_user_id
   AND x.XSOLUTION_ID = xu.XSOLUTION_ID
GROUP BY uu.USER_NAME) subquery
WHERE 1=1
  AND uu.ucl_user_id = ac.ucl_user_id
  AND uu.user_type_id = ut.user_type_id
  AND ac.role_id = r.role_id
  AND ac.geo_region_id = rg.region_id (+)
  AND uu.company_id IN (8840, 8885)
  AND uu.company_id = c.company_id
  AND uu.location_id = lu.location_id
  AND uu.locale_id = l.locale_id
  AND subquery.user_name (+) =  uu.user_name
  AND uu.USER_NAME not like '%\_%' escape '\']]></db:parameterized-query>

				</db:select>
				<set-variable variableName="totalUsers" value="#[payload[0].totalUsers]"
					doc:name="Variable" />
				<db:select config-ref="Oracle_Configuration" doc:name="OMS_Fetch_Dflt">
                    <db:parameterized-query><![CDATA[SELECT
      DISTINCT
      c.company_name
      ,c.company_id
      ,lu.location_name
      ,ut.abbreviation role_name
      ,uu.USER_NAME User_Name
      ,uu.USER_FIRST_NAME First_Name
      ,uu.USER_MIDDLE_NAME Middle_Name
      ,uu.user_last_name last_name
      ,uu.USER_TITLE Title
      ,uu.TELEPHONE_NUMBER Phone
      ,uu.address_1 address_line_one
      ,uu.ADDRESS_2 Address_Line_Two
      ,uu.CITY City
      ,uu.postal_code
      ,uu.state_prov_code
      ,uu.country_code country
      ,l.locale_name
      ,uu.user_email_1 email
      ,uu.user_email_2 other_email_address
      ,decode(uu.is_active, 1, 'Enabled', 'Disabled') user_status
      ,decode(uu.comm_method_id_during_bh_1, 12, 'Email', 'Other') during_business_hours_1_method  -- code of 12 in COMM_METHOD_UCL is Email.  Mapping says to have Email/Other
      ,decode(uu.comm_method_id_after_bh_1, 12, 'Email', 'Other') after_business_hours_1_method    -- code of 12 in COMM_METHOD_UCL is Email.  Mapping says to have Email/Other
      ,uu.tax_id_nbr
      ,to_char(uu.emp_start_date, 'MM/DD/YYYY') start_date
      ,uu.gender_id
     ,to_char(uu.birth_date, 'MM/DD/YYYY') birth_date
      ,r.role_name ROLE
      ,rg.region_name  region
      ,c.company_name business_unit  -- we are keeping this the same as the company name
     ,subquery.RESTRICTED_SOLUTION
FROM  lmda.ucl_user uu
     ,lmda.ROLE r
     ,lmda.access_control ac
     ,lmda.region rg
     ,lmda.company c
     ,lmda.location_ucl lu
     ,lmda.locale l
     ,lmda.user_type ut
--     ,lmda.xsolution_user xu
--     ,lmda.XSOLUTION x 
     ,(SELECT uu.USER_NAME, 
   LISTAGG(x.NAME, ',') WITHIN GROUP (ORDER BY uu.USER_NAME) AS RESTRICTED_SOLUTION
FROM  lmda.ucl_user uu
     ,lmda.XSOLUTION_USER xu
     ,lmda.XSOLUTION x
WHERE 1=1
   AND xu.UCL_USER_ID = uu.ucl_user_id
   AND x.XSOLUTION_ID = xu.XSOLUTION_ID
GROUP BY uu.USER_NAME) subquery
WHERE 1=1
  AND uu.ucl_user_id = ac.ucl_user_id
  AND uu.user_type_id = ut.user_type_id
  AND ac.role_id = r.role_id
  AND ac.geo_region_id = rg.region_id (+)
  AND uu.company_id IN (8840, 8885)
  AND uu.company_id = c.company_id
  AND uu.location_id = lu.location_id
  AND uu.locale_id = l.locale_id
  AND subquery.user_name (+) =  uu.user_name
  AND uu.USER_NAME not like '%\_%' escape '\']]></db:parameterized-query>

				</db:select>
			</otherwise>
		</choice>
        <logger message="#[payload]" level="INFO" doc:name="Logger"/>

		<expression-component doc:name="Expression"><![CDATA[if(Integer.parseInt(flowVars['totalUsers']) <= Integer.parseInt(flowVars['endIndex'])){
	flowVars['endIndex'] = Integer.parseInt(flowVars['totalUsers'])-1;
}]]></expression-component>




		<choice doc:name="Choice">
			<when expression="#[payload !=null &amp;&amp; payload.size()&gt;0]">
				<dw:transform-message metadata:id="2bfdefc9-7d63-4421-a1da-0d40c464de5f"
					doc:name="Success_Get_Result">
					<dw:input-payload doc:sample="list_map.dwl" />
					<dw:set-payload><![CDATA[%dw 1.0
%output application/json
%var schema = "urn:okta:" ++ flowVars['omsSchema'] ++ ":1.0:user:custom"
%var payloadSelect = payload[flowVars['startIndex'] .. flowVars['endIndex']]
---
{
	"totalResults":flowVars['totalUsers'] as :number,
	"itemsPerPage": flowVars.count as :number when ((flowVars['totalUsers'] - flowVars.startIndexVal) > flowVars.count) otherwise (flowVars['totalUsers'] - flowVars.startIndexVal)+1 as :number,
	"startIndex":flowVars.startIndexVal as :number,
	"schemas": [
	"urn:scim:schemas:core:1.0"
	],
	Resources: payloadSelect map ((payload01 , indexOfPayload01) -> {
		"schemas": [
		  "urn:scim:schemas:core:1.0", 
		  "urn:scim:schemas:extension:enterprise:1.0",
			schema
	    ],
		id: payload01.USER_NAME,
		userName: payload01.USER_NAME,
		active: true when payload01.USER_STATUS == "Enabled" otherwise false,
		name: {
			givenName: payload01.FIRST_NAME,
			familyName: payload01.LAST_NAME
		},
	   ("emails":[
      	{
      		"primary": true,
      	 	"value":  payload01.email,
      	 	"type": "primary"
      	 }
       ]) when payload01.email != null,
		(schema): {
			"source":"OKTA",
			messageType:"User",
			"actionType": "create",
			uniqueIdentifier: payload01.USER_NAME,
			companyID:payload01.COMPANY_ID,
			companyName: payload01.COMPANY_NAME,
			locationName: payload01.LOCATION_NAME,
			roleName: payload01.ROLE_NAME,
			title: payload01.TITLE,
			addressLineOne: payload01.ADDRESS_LINE_ONE,
			addressLineTwo: payload01.ADDRESS_LINE_TWO,
			city: payload01.CITY,
			state:payload01.state_prov_code,
			postalCode:payload01.postal_code,
			phone:payload01.phone,
			country: payload01.COUNTRY,
			locale: payload01.LOCALE_NAME,
			messageLocale:payload01.LOCALE_NAME,
			gender: payload01.GENDER_ID,
			dataAccessBusinessUnit: payload01.BUSINESS_UNIT,
			dataAccessCompany:null,
			dataAccessRole: payload01.ROLE,
			dataAccessRegion: payload01.REGION,
			defaultRegion: "",
			solutionsRestrictedSolutions:payload01.RESTRICTED_SOLUTION
		}
	})
}]]></dw:set-payload>
				</dw:transform-message>

			</when>

			<otherwise>
				<dw:transform-message doc:name="No_Data_Get_Result">
					<dw:set-payload><![CDATA[%dw 1.0
%output application/json
%var schema = "urn:okta:" ++ flowVars['omsSchema'] ++ ":1.0:user:custom"
---
{
	"totalResults":0,
    "schemas": [
    "urn:scim:schemas:core:1.0", 
    "urn:scim:schemas:extension:enterprise:1.0", 
    schema
    ],
    "Resources":[]
}]]></dw:set-payload>
				</dw:transform-message>
			</otherwise>
		</choice>


		<logger
			message="sso-intgr-svc-impl exit flow_get_Users_oms {&quot;transactionId&quot;:&quot;#[flowVars['x-ps-transaction-id']]&quot;,&quot;event&quot;:&quot;#[message.id]&quot;}"
			level="INFO" doc:name="flow_get_Users_oms" category="appplicationinfo" />

	</flow>
	<flow name="flow_post_Users_oms">

		<custom-interceptor xmlns="http://www.mulesoft.org/schema/mule/core"
			class="org.mule.consulting.interceptor.TimerInterceptor" xmlns:doc="http://www.mulesoft.org/schema/mule/documentation"
			doc:name="Timer Interceptor">
			<spring:property xmlns:spring="http://www.springframework.org/schema/beans"
				name="timerName" value="sso-intgr-svc-impl flow_post_Users_oms" />
		</custom-interceptor>
		<logger
			message="sso-intgr-svc-impl enter flow_post_Users_oms {&quot;transactionId&quot;:&quot;#[flowVars['x-ps-transaction-id']]&quot;,&quot;event&quot;:&quot;#[message.id]&quot;}"
			level="INFO" doc:name="flow_get_Users_oms" category="appplicationinfo" />
		<logger message="sso-intgr-svc-impl flow_post_Users_oms message:#[message]"
			level="INFO" doc:name="Logger" />

		<object-to-string-transformer mimeType="application/json"
			doc:name="Object to String" />



		<!-- <json:json-to-object-transformer returnClass="java.util.ArrayList" 
			doc:name="JSON to Object"/> <set-variable variableName="OriginalPayload" 
			value="#[message.payload]" mimeType="application/json" doc:name="OriginalPayload"/> 
			<set-variable variableName="UniqueIdentifier" value="#[json:urn:okta:template_swa:1.0:user:custom/uniqueIdentifier]" 
			doc:name="Set UniqueIdentifier"/> <set-variable variableName="CompanyID" 
			value="#[json:urn:okta:template_swa:1.0:user:custom/companyID]" doc:name="Set 
			CompanyID"/> <set-variable variableName="PostalCode" value="#[json:urn:okta:template_swa:1.0:user:custom/postalCode]" 
			doc:name="Set PostalCode"/> -->
		<set-variable variableName="OriginalPayload" value="#[payload]"
			doc:name="OriginalPayload" mimeType="application/json" />
		<json:json-to-object-transformer
			returnClass="java.util.HashMap" doc:name="JSON to Object" />


		<set-variable variableName="Password" value="#[payload.password]"
			doc:name="password" />
		<enricher source="#[payload]" target="#[flowVars.'oktauserschema']"
			doc:name="Message Enricher">
			<flow-ref name="dynamicallyParsingSchema" doc:name="dynamicallyParsingSchema" />
		</enricher>
		<choice doc:name="Choice">
			<when
				expression="#[flowVars['Password'] == null || flowVars['Password'] == &quot;&quot;]">
				<set-variable variableName="Password"
					value="#[org.apache.commons.lang.RandomStringUtils.randomAlphanumeric(12)]"
					doc:name="set random password" />
			</when>
			<otherwise>
				<logger message="Password Available" level="INFO" doc:name="Logger" />
			</otherwise>
		</choice>
		<set-variable variableName="Salt"
			value="#[org.apache.commons.lang.RandomStringUtils.randomAlphanumeric(16)]"
			doc:name="Salt" />

		<encryption:encrypt config-ref="Encrypt_Decrypt"
			input-ref="#[flowVars.Password]" using="JCE_ENCRYPTER" doc:name="Encryption">
			<encryption:jce-encrypter key="#[flowVars.Salt]"
				algorithm="AES" encryptionMode="CBC" />
		</encryption:encrypt>
		<set-variable variableName="encrypted_pwd" value="#[payload]"
			doc:name="encrypted_pwd" />

		<encryption:encrypt config-ref="Encrypt_Decrypt"
			input-ref="#[flowVars.Salt]" doc:name="Encryption" using="JCE_ENCRYPTER">
			<encryption:jce-encrypter key="${oms.sharedkey}"
				algorithm="AES" encryptionMode="CBC" />
		</encryption:encrypt>
		<set-variable variableName="encrypted_salt" value="#[payload]"
			doc:name="encrypted_salt" />

		<set-payload value="#[flowVars.OriginalPayload]" doc:name="Set Payload"
			mimeType="application/json" />

		<dw:transform-message doc:name="Transform Message">
			<dw:input-payload doc:sample="json_1.json" />
			<dw:set-payload><![CDATA[%dw 1.0
%output application/xml
%var omsUserschema = flowVars.oktauserschema
%function words(name) name splitBy ","
---
{
		tXML: {
		Header: {
			Source: payload[omsUserschema].source,
			Action_Type: payload[omsUserschema].actionType,
			Reference_ID: payload[omsUserschema].uniqueIdentifier,
			Message_Type: payload[omsUserschema].messageType,
			Company_ID: payload[omsUserschema].companyID
		},
		Message: {
			User: {
				Company_Name: payload[omsUserschema].companyName,
				Location_Name: payload[omsUserschema].locationName,
				Role_Name: payload[omsUserschema].roleName,
				User_Name: payload.userName,
				First_Name: payload.name.givenName,
				Last_Name: payload.name.familyName,
				Title: payload[omsUserschema].title,
				Phone: payload[omsUserschema].phone,
				Address_Line_One: payload[omsUserschema].addressLineOne,
				Address_Line_Two: payload[omsUserschema].addressLineTwo,
				City: payload[omsUserschema].city,
				State_Prov: payload[omsUserschema].state,
				Postal_Code: payload[omsUserschema].postalCode,				
				Country: payload[omsUserschema].country,
				Locale: payload[omsUserschema].locale,
				(User_Status: "Enabled") when (payload.active == true),
	            (User_Status: "Disabled") when (payload.active == false),
				Password: flowVars['Password'] when ((sizeOf flowVars['Password']) < 15) otherwise flowVars['Password'][0..13],
				(Email: (payload.emails filter $.primary == true)..[0].value) when payload.emails !=null,
				Gender: payload[omsUserschema].gender,
				Data_Access: {
					Company: payload[omsUserschema].companyName,
					Role: payload[omsUserschema].dataAccessRole,
					Region: payload[omsUserschema].dataAccessRegion,
					Business_Unit: payload[omsUserschema].dataAccessBusinessUnit
				},
				
				(Solutions : ((payload[omsUserschema].solutionsRestrictedSolutions )as :object)  mapObject using (parts = words($ )) 
				{
				(parts map 
				{
				RestrictedSolution : $
				})
				} ) when payload[omsUserschema].solutionsRestrictedSolutions? ,
				User_Defaults: {
					Default_Region: payload[omsUserschema].defaultRegion,
					Default_Business_Unit: payload[omsUserschema].defaultBusinessUnit
				}
			}
		}
	}
}]]></dw:set-payload>
		</dw:transform-message>
		<object-to-string-transformer doc:name="Object to String" />
        <logger message="sso-intgr-svc-impl flow_post_Users_oms  oms request payload:#[payload]" level="INFO" doc:name="Logger"/>




		<http:request config-ref="HTTP_Req_Config_OMS" path="${oms.path}"
			method="POST" doc:name="HTTP">
			<http:request-builder>
                <http:header headerName="content-Type" value="application/xml"/>














			</http:request-builder>
		</http:request>


		<byte-array-to-string-transformer
			mimeType="application/xml" doc:name="Byte Array to String" />
        <logger message="sso-intgr-svc-impl flow_post_Users_oms  oms response payload:#[payload]" level="INFO" doc:name="Logger"/>


		<set-variable doc:name="Check Error Code" value="#[xpath3('//Error_Type')]" variableName="ErrorCode"/>
        <set-variable variableName="Response_Details" value="#[xpath3('//Response_Details')]" doc:name="Response_Details"/>


		<choice doc:name="Choice">
			<when expression="#[(flowVars.ErrorCode==0) &amp;&amp;(flowVars.Response_Details!='[]')]">
				<dw:transform-message doc:name="Transform Message">
					<dw:input-payload doc:sample="tXML_1.xml" />
					<dw:input-variable doc:sample="json_2.json"
						variableName="OriginalPayload" />
					<dw:set-payload><![CDATA[%dw 1.0
%output application/json
%var omsUserschema = flowVars.oktauserschema
---
{
	"schemas": [
	  "urn:scim:schemas:core:1.0", 
	  "urn:scim:schemas:extension:enterprise:1.0", 
	  flowVars.oktauserschema
	],
	userName:flowVars.OriginalPayload.userName,
	id: flowVars.OriginalPayload.userName,
	emails: flowVars.OriginalPayload.emails map  {
		(primary: true )when  $.primary == true,
		(primary: false )when  $.primary == false,
		(value: $.value) when  $.primary == true,
		(value: $.value) when  $.primary == false,
		(type: "primary") when  $.primary == true ,
		(type: "secondary") when  $.primary == false 
	},
	(phoneNumbers: flowVars.OriginalPayload.phoneNumbers map {
	value:$.value,
	type:$.type
	}) when (flowVars.OriginalPayload.phoneNumbers !=null),
	name: {
        familyName: flowVars.OriginalPayload.name.familyName,
        givenName: flowVars.OriginalPayload.name.givenName
    },
	
	active: flowVars.OriginalPayload.active,
	password: null,
	(omsUserschema) : {
		applicationId:flowVars.OriginalPayload[omsUserschema].applicationId,
		source: flowVars.OriginalPayload[omsUserschema].source,
		uniqueIdentifier: flowVars.OriginalPayload[omsUserschema].uniqueIdentifier,
		actionType: flowVars.OriginalPayload[omsUserschema].actionType,
		uniqueIdentifier: payload.tXML.Header.Reference_ID,
		messageType: flowVars.OriginalPayload[omsUserschema].messageType,
		companyID: payload.tXML.Header.Company_ID,
		messageLocale: flowVars.OriginalPayload[omsUserschema].messageLocale,
		messageTimeZone: flowVars.OriginalPayload[omsUserschema].messageTimeZone,
		companyName: flowVars.OriginalPayload[omsUserschema].companyName,
		locationName: flowVars.OriginalPayload[omsUserschema].locationName,
		roleName: flowVars.OriginalPayload[omsUserschema].roleName,
		title: flowVars.OriginalPayload[omsUserschema].title,
		phone: flowVars.OriginalPayload[omsUserschema].phone,
		addressLineOne: flowVars.OriginalPayload[omsUserschema].addressLineOne,
		addressLineTwo: flowVars.OriginalPayload[omsUserschema].addressLineTwo,
		city: flowVars.OriginalPayload[omsUserschema].city,
		state: flowVars.OriginalPayload[omsUserschema].state,
		postalCode: flowVars.OriginalPayload[omsUserschema].postalCode,
		country: flowVars.OriginalPayload[omsUserschema].country,
		locale: flowVars.OriginalPayload[omsUserschema].locale,
		gender: flowVars.OriginalPayload[omsUserschema].gender,
		dataAccessCompany: flowVars.OriginalPayload[omsUserschema].dataAccessCompany,
		dataAccessRole: flowVars.OriginalPayload[omsUserschema].dataAccessRole,
		dataAccessRegion: flowVars.OriginalPayload[omsUserschema].dataAccessRegion,
		dataAccessBusinessUnit: flowVars.OriginalPayload[omsUserschema].dataAccessBusinessUnit,
		defaultRegion: flowVars.OriginalPayload[omsUserschema].defaultRegion,
		defaultBusinessUnit: flowVars.OriginalPayload[omsUserschema].defaultBusinessUnit,
		previous_password: flowVars.encrypted_pwd,
		salt: flowVars.encrypted_salt		
	}
}]]></dw:set-payload>
				</dw:transform-message>
				<set-payload value="#[payload]" mimeType="application/json"
					doc:name="Set Payload" />
			</when>

			<otherwise>
				<logger message="User Create Failed in OMS OKTA:#[payload]"
					level="INFO" doc:name="Logger" />
				<set-property propertyName="http.status" value="404"
					doc:name="Property" />
				<dw:transform-message doc:name="Transform Message">
					<dw:set-payload><![CDATA[%dw 1.0
%output application/json
%var omsUserschema = flowVars.oktauserschema
---
{
	"schemas": [
	  "urn:scim:schemas:core:1.0", 
	  "urn:scim:schemas:extension:enterprise:1.0", 
	  flowVars.oktauserschema
	],
	"errors":{
	  "statusCode":404,
	  "internalCode":"E0000048",
	  "description":"Cannot Create the user with the id" ++ ":" ++ flowVars.OriginalPayload.userName,
	  "help_url":null
	}
}]]></dw:set-payload>
				</dw:transform-message>



			</otherwise>

		</choice>
		<object-to-string-transformer doc:name="Object to String"
			mimeType="application/json" />

		<logger
			message="sso-intgr-svc-impl exit flow_post_Users_oms {&quot;transactionId&quot;:&quot;#[flowVars['x-ps-transaction-id']]&quot;,&quot;event&quot;:&quot;#[message.id]&quot;}"
			level="INFO" doc:name="flow_post_Users_oms" category="appplicationinfo" />
	</flow>
	<flow name="flow_get_Users_id_oms">
		<logger
			message="in #[flowVars.applicationid] get #[message.inboundProperties.'http.request.path'.]"
			level="INFO" doc:name="Logger" />
		<set-payload
			value="in #[flowVars.applicationid] get Users with userid #[flowVars.userid] set payload {"
			doc:name="Set Payload" />
	</flow>
	<flow name="flow_put_Users_id_oms">
		<custom-interceptor xmlns="http://www.mulesoft.org/schema/mule/core"
			class="org.mule.consulting.interceptor.TimerInterceptor" xmlns:doc="http://www.mulesoft.org/schema/mule/documentation"
			doc:name="Timer Interceptor">
			<spring:property xmlns:spring="http://www.springframework.org/schema/beans"
				name="timerName" value="sso-intgr-svc-impl flow_put_Users_id_oms" />
		</custom-interceptor>
		<logger
			message="sso-intgr-svc-impl enter flow_put_Users_id_oms {&quot;transactionId&quot;:&quot;#[flowVars['x-ps-transaction-id']]&quot;,&quot;event&quot;:&quot;#[message.id]&quot;}"
			level="INFO" doc:name="flow_put_Users_id_oms" category="appplicationinfo" />
		<logger message="sso-intgr-svc-impl flow_put_Users_id_oms message:#[message]"
			level="INFO" doc:name="Logger" />

		<byte-array-to-object-transformer
			doc:name="Byte Array to Object" />
		<set-variable variableName="OriginalPayload" value="#[payload]"
			mimeType="application/json" doc:name="OriginalPayload" />

		<json:json-to-object-transformer
			returnClass="java.util.HashMap" doc:name="JSON to Object" />
		<set-variable variableName="payloadMap" value="#[payload]"
			doc:name="Variable" />
		<enricher source="#[payload]" target="#[flowVars.'oktauserschema']"
			doc:name="Message Enricher">
			<flow-ref name="dynamicallyParsingSchema" doc:name="dynamicallyParsingSchema" />
		</enricher>
		<expression-component doc:name="Expression"><![CDATA[flowVars['password']="";
flowVars['changePassword']='N';
if(payload.password !=null && (payload.password !="null" && payload.password!="")){
	flowVars['password'] = payload.password;
	flowVars['changePassword']='Y';
}]]></expression-component>


		<set-variable variableName="salt"
			value="#[org.apache.commons.lang.RandomStringUtils.randomAlphanumeric(16)]"
			doc:name="Salt" />

		<set-payload value="#[flowVars.payloadMap]" doc:name="Set Payload" />
		<expression-component doc:name="Expression"><![CDATA[flowVars['prevPwdEnc'] = payload[flowVars.'oktauserschema'].previous_password;
flowVars['prevSaltEnc']= payload[flowVars.'oktauserschema'].salt;
flowVars['prevPwdDec']="";
flowVars['prevSaltDec']="";]]></expression-component>
		<choice doc:name="Choice">
			<when
				expression="#[(flowVars.prevPwdEnc != null &amp;&amp; flowVars.prevPwdEnc !=&quot;&quot;) &amp;&amp; (flowVars.prevSaltEnc != null &amp;&amp; flowVars.prevSaltEnc!=&quot;&quot;)]">
				<encryption:decrypt config-ref="Encrypt_Decrypt"
					input-ref="#[flowVars.prevSaltEnc]" doc:name="Decrypt_Salt">
					<encryption:jce-encrypter key="${oms.sharedkey}" />
				</encryption:decrypt>
				<set-variable variableName="prevSaltDec" value="#[payload]"
					doc:name="decrypted_salt" />
				<encryption:decrypt config-ref="Encrypt_Decrypt"
					input-ref="#[flowVars.prevPwdEnc]" using="JCE_ENCRYPTER" doc:name="Decrypt_Password">
					<encryption:jce-encrypter key="#[flowVars.prevSaltDec]" />
				</encryption:decrypt>
				<set-variable variableName="prevPwdDec" value="#[payload]"
					doc:name="decrypted_pwd" />
			</when>
			<when
				expression="#[!(((flowVars.prevPwdEnc != null &amp;&amp; flowVars.prevPwdEnc !=&quot;&quot;) &amp;&amp; (flowVars.prevSaltEnc != null &amp;&amp; flowVars.prevSaltEnc!=&quot;&quot;)) || flowVars['password'] !=&quot;&quot;)]">
				<set-variable variableName="password"
					value="#[org.apache.commons.lang.RandomStringUtils.randomAlphanumeric(12)]"
					doc:name="set_random_Pwd" />
				<set-variable variableName="changePassword" value="#['Y']"
					doc:name="set_changePassword" />
			</when>
			<otherwise>
				<logger message="dflt prev value check" level="INFO"
					doc:name="Logger" />
			</otherwise>
		</choice>
		<expression-component doc:name="Expression"><![CDATA[if(flowVars['password']==""){
	flowVars['password'] = flowVars['prevPwdDec'];
}]]></expression-component>


		<set-payload doc:name="Set Payload" mimeType="application/json"
			value="#[flowVars.OriginalPayload]" />






		<dw:transform-message doc:name="Transform Message"
			metadata:id="5887f34a-f5b3-4664-8986-b0c5680870f3">
			<dw:input-payload doc:sample="D:\Javed\example.json"
				mimeType="application/json" />
			<dw:input-variable variableName="oktauserschema" />
			<dw:input-variable doc:sample="sample_data\string_1.dwl"
				mimeType="application/java" variableName="password" />
			<dw:set-payload><![CDATA[%dw 1.0
%output application/xml
%var omsUserschema = "urn:okta:petsmartcustom:1.0:user:custom"
%function words(name) name splitBy "," 
---
{
	tXML: {
		Header: {
			Source: payload[omsUserschema].source,
			Action_Type: payload[omsUserschema].actionType,
			Reference_ID: payload[omsUserschema].uniqueIdentifier,
			Message_Type: payload[omsUserschema].messageType,
			Company_ID: payload[omsUserschema].companyID ,
			Msg_Locale:payload[omsUserschema].messageLocale,
			Msg_Time_Zone:payload[omsUserschema].messageTimeZone
		},
		Message: {
			User: {
				Company_Name: payload[omsUserschema].companyName,
				Location_Name: payload[omsUserschema].locationName,
				User_Name: payload.userName,
				First_Name: payload.name.givenName,
				Last_Name: payload.name.familyName,
				Title: payload[omsUserschema].title,
				Phone: payload[omsUserschema].phone,
				Address_Line_One: payload[omsUserschema].addressLineOne,
				Address_Line_Two: payload[omsUserschema].addressLineTwo,
				City: payload[omsUserschema].city,
				State_Prov: payload[omsUserschema].state,
				Postal_Code:payload[omsUserschema].postalCode,				
				Country: payload[omsUserschema].country,
				Locale: payload[omsUserschema].locale,
				Role_Name:payload[omsUserschema].roleName,
	            Password: flowVars.password when ((sizeOf flowVars.password) < 15) otherwise flowVars.password[0..13],
				(Email: (payload.emails filter $.primary == true)..[0].value) when payload.emails !=null,
				Gender:payload[omsUserschema].gender,
				(User_Status: "Enabled") when (payload.active == true),
	            (User_Status: "Disabled") when (payload.active == false),
				Data_Access: {
					Company: payload[omsUserschema].dataAccessCompany,
					Role: payload[omsUserschema].dataAccessRole,
					Region: payload[omsUserschema].dataAccessRegion,
					Business_Unit: payload[omsUserschema].dataAccessBusinessUnit
				},
				(Solutions : ((payload[omsUserschema].solutionsRestrictedSolutions )as :object)  mapObject using (parts = words($ ))  
{
(parts map 
{
	RestrictedSolution : $
})
}) when payload[omsUserschema].solutionsRestrictedSolutions?,
				User_Defaults: {
					Default_Region: payload[omsUserschema].defaultRegion,
					Default_Business_Unit:payload[omsUserschema].defaultBusinessUnit
				}
			}
		}
	}
}]]></dw:set-payload>
		</dw:transform-message>
		<byte-array-to-string-transformer
			doc:name="Byte Array to String" />
        <logger message="sso-intgr-svc-impl flow_put_Users_oms  oms request payload:- #[payload]" level="INFO" doc:name="Logger"/>

		<message-properties-transformer
			mimeType="application/xml" doc:name="Message Properties">
			<add-message-property key="Content-Type" value="application/xml" />
			<add-message-property key="Accept" value="application/xml" />
		</message-properties-transformer>


		<http:request config-ref="HTTP_Req_Config_OMS" path="${oms.path}"
			method="POST" doc:name="HTTP">
			<http:request-builder>
                <http:header headerName="content-type" value="application/xml"/>
                <http:header headerName="Accept" value="application/xml"/>















			</http:request-builder>
		</http:request>
		

		<byte-array-to-string-transformer
			doc:name="Byte Array to String" mimeType="application/xml" />
        <logger message="sso-intgr-svc-impl flow_put_Users_oms  oms response payload:#[payload]" level="INFO"  doc:name="Logger"/>


		<set-variable variableName="ErrorCode" value="#[xpath3('//Error_Type')]"
			doc:name="Check Error Code" />
		<set-variable variableName="Response_Details"
			value="#[xpath3('//Response_Details')]" doc:name="Response_Details" />
		<choice doc:name="Choice">
			<when
				expression="#[(flowVars.ErrorCode==0) &amp;&amp;(flowVars.Response_Details!='[]')]">


				<enricher source="#[payload]" target="#[flowVars.pwdEnc]"
					doc:name="Message Enricher">
					<encryption:encrypt config-ref="Encrypt_Decrypt"
						input-ref="#[flowVars.password]" using="JCE_ENCRYPTER"
						doc:name="Encryption_Original_Password">
						<encryption:jce-encrypter key="#[flowVars.salt]"
							algorithm="AES" encryptionMode="CBC" />
					</encryption:encrypt>
				</enricher>
				<enricher source="#[payload]" target="#[flowVars.saltEnc]"
					doc:name="Message Enricher">
					<encryption:encrypt config-ref="Encrypt_Decrypt"
						input-ref="#[flowVars.salt]" using="JCE_ENCRYPTER"
						doc:name="Encryption_Salt_Original_Password">
						<encryption:jce-encrypter key="${oms.sharedkey}"
							algorithm="AES" encryptionMode="CBC" />
					</encryption:encrypt>
				</enricher>

				<choice doc:name="Choice">
					<when expression="#[flowVars['changePassword'] == 'Y']">


						<set-variable variableName="dynaUserSchema"
							value="#[flowVars.omsUserschema]" doc:name="Variable" />
						<dw:transform-message doc:name="Transform Message">
							<dw:set-payload><![CDATA[%dw 1.0
%output application/json
%var omsUserschema = flowVars.oktauserschema
---
{
	"schemas": [
	  "urn:scim:schemas:core:1.0", 
	  "urn:scim:schemas:extension:enterprise:1.0", 
	  flowVars.oktauserschema
	],
	userName:flowVars.OriginalPayload.userName,
	id: flowVars.OriginalPayload.userName,
	emails: flowVars.OriginalPayload.emails map  {
		(primary: true )when  $.primary == true,
		(primary: false )when  $.primary == false,
		(value: $.value) when  $.primary == true,
		(value: $.value) when  $.primary == false,
		(type: "primary") when  $.primary == true ,
		(type: "secondary") when  $.primary == false 
	},
	(phoneNumbers: flowVars.OriginalPayload.phoneNumbers map {
	value:$.value,
	type:$.type
	}) when (flowVars.OriginalPayload.phoneNumbers != null),
	name: {
        familyName: flowVars.OriginalPayload.name.familyName,
        givenName: flowVars.OriginalPayload.name.givenName
    },
    active: flowVars.OriginalPayload.active,	
	password: null,
	(omsUserschema): {
		applicationId:flowVars.OriginalPayload[omsUserschema].applicationId,
		source: flowVars.OriginalPayload[omsUserschema].source,
		uniqueIdentifier: flowVars.OriginalPayload[omsUserschema].uniqueIdentifier,
		actionType: flowVars.OriginalPayload[omsUserschema].actionType,
		messageType: flowVars.OriginalPayload[omsUserschema].messageType,		
		companyID: payload.tXML.Header.Company_ID,
		messageLocale: flowVars.OriginalPayload[omsUserschema].messageLocale,
		messageTimeZone: flowVars.OriginalPayload[omsUserschema].messageTimeZone,
		companyName: flowVars.OriginalPayload[omsUserschema].companyName,
		locationName: flowVars.OriginalPayload[omsUserschema].locationName,
		roleName: flowVars.OriginalPayload[omsUserschema].roleName,
		title: flowVars.OriginalPayload[omsUserschema].title,
		phone: flowVars.OriginalPayload[omsUserschema].phone,
		addressLineOne: flowVars.OriginalPayload[omsUserschema].addressLineOne,
		addressLineTwo: flowVars.OriginalPayload[omsUserschema].addressLineTwo,
		city: flowVars.OriginalPayload[omsUserschema].city,
		state: flowVars.OriginalPayload[omsUserschema].state,
		postalCode: flowVars.OriginalPayload[omsUserschema].postalCode,
		country: flowVars.OriginalPayload[omsUserschema].country,
		locale: flowVars.OriginalPayload[omsUserschema].locale,
		gender: flowVars.OriginalPayload[omsUserschema].gender,
		dataAccessCompany: flowVars.OriginalPayload[omsUserschema].dataAccessCompany,
		dataAccessRole: flowVars.OriginalPayload[omsUserschema].dataAccessRole,
		dataAccessRegion: flowVars.OriginalPayload[omsUserschema].dataAccessRegion,
		dataAccessBusinessUnit: flowVars.OriginalPayload[omsUserschema].dataAccessBusinessUnit,
		defaultRegion: flowVars.OriginalPayload[omsUserschema].defaultRegion,
		defaultBusinessUnit: flowVars.OriginalPayload[omsUserschema].defaultBusinessUnit,
		previous_password: flowVars.pwdEnc,
		salt: flowVars.saltEnc		
	}
}]]></dw:set-payload>
						</dw:transform-message>
						<object-to-string-transformer
							doc:name="Object to String" />
						<async doc:name="Async">
							<flow-ref name="flow_okta_password_update" doc:name="flow_okta_password_update" />
						</async>

					</when>
					<otherwise>

						<dw:transform-message doc:name="Transform Message">
							<dw:set-payload><![CDATA[%dw 1.0
%output application/json
%var omsUserschema = flowVars.oktauserschema
---
{
	"schemas": [
	  "urn:scim:schemas:core:1.0", 
	  "urn:scim:schemas:extension:enterprise:1.0", 
	  flowVars.oktauserschema
	],
	userName:flowVars.OriginalPayload.userName,
	id: flowVars.OriginalPayload.userName,
	emails: flowVars.OriginalPayload.emails map  {
		(primary: true )when  $.primary == true,
		(primary: false )when  $.primary == false,
		(value: $.value) when  $.primary == true,
		(value: $.value) when  $.primary == false,
		(type: "primary") when  $.primary == true ,
		(type: "secondary") when  $.primary == false 
	},
	(phoneNumbers: flowVars.OriginalPayload.phoneNumbers map {
	value:$.value,
	type:$.type
	}) when (flowVars.OriginalPayload.phoneNumbers != null),
	name: {
        familyName: flowVars.OriginalPayload.name.familyName,
        givenName: flowVars.OriginalPayload.name.givenName
    },
    active: flowVars.OriginalPayload.active,	
	password: null,
	(omsUserschema): {
		applicationId:flowVars.OriginalPayload[omsUserschema].applicationId,
		source: flowVars.OriginalPayload[omsUserschema].source,
		uniqueIdentifier: flowVars.OriginalPayload[omsUserschema].uniqueIdentifier,
		actionType: flowVars.OriginalPayload[omsUserschema].actionType,
		messageType: flowVars.OriginalPayload[omsUserschema].messageType,		
		companyID: payload.tXML.Header.Company_ID,
		messageLocale: flowVars.OriginalPayload[omsUserschema].messageLocale,
		messageTimeZone: flowVars.OriginalPayload[omsUserschema].messageTimeZone,
		companyName: flowVars.OriginalPayload[omsUserschema].companyName,
		locationName: flowVars.OriginalPayload[omsUserschema].locationName,
		roleName: flowVars.OriginalPayload[omsUserschema].roleName,
		title: flowVars.OriginalPayload[omsUserschema].title,
		phone: flowVars.OriginalPayload[omsUserschema].phone,
		addressLineOne: flowVars.OriginalPayload[omsUserschema].addressLineOne,
		addressLineTwo: flowVars.OriginalPayload[omsUserschema].addressLineTwo,
		city: flowVars.OriginalPayload[omsUserschema].city,
		state: flowVars.OriginalPayload[omsUserschema].state,
		postalCode: flowVars.OriginalPayload[omsUserschema].postalCode,
		country: flowVars.OriginalPayload[omsUserschema].country,
		locale: flowVars.OriginalPayload[omsUserschema].locale,
		gender: flowVars.OriginalPayload[omsUserschema].gender,
		dataAccessCompany: flowVars.OriginalPayload[omsUserschema].dataAccessCompany,
		dataAccessRole: flowVars.OriginalPayload[omsUserschema].dataAccessRole,
		dataAccessRegion: flowVars.OriginalPayload[omsUserschema].dataAccessRegion,
		dataAccessBusinessUnit: flowVars.OriginalPayload[omsUserschema].dataAccessBusinessUnit,
		defaultRegion: flowVars.OriginalPayload[omsUserschema].defaultRegion,
		defaultBusinessUnit: flowVars.OriginalPayload[omsUserschema].defaultBusinessUnit,
		previous_password: flowVars.pwdEnc,
		salt: flowVars.saltEnc		
	}
}]]></dw:set-payload>
						</dw:transform-message>
						<object-to-string-transformer
							doc:name="Object to String" />
					</otherwise>
				</choice>


			</when>
			<otherwise>
				<logger message="User Update Failed in OMS OKTA:#[payload]"
					level="INFO" doc:name="Logger" />
				<set-property propertyName="http.status" value="404"
					doc:name="Property" />
				<dw:transform-message doc:name="Transform Message">
					<dw:set-payload><![CDATA[%dw 1.0
%output application/json
---
{	
	"errors": {
	  "statusCode":404,
	  "internalCode":"E0000048",
	  "description":"Cannot update the user with the id" ++ ":" ++ flowVars.OriginalPayload.userName,
	  "help_url":null
	}
}]]></dw:set-payload>
				</dw:transform-message>


			</otherwise>
		</choice>

		<logger
			message="sso-intgr-svc-impl exit flow_put_Users_id_oms {&quot;transactionId&quot;:&quot;#[flowVars['x-ps-transaction-id']]&quot;,&quot;event&quot;:&quot;#[message.id]&quot;}"
			level="INFO" doc:name="flow_put_Users_id_oms" category="appplicationinfo" />
	</flow>
	<flow name="flow_get_Groups_oms">
		<logger
			message="in #[flowVars.applicationid] get #[message.inboundProperties.'http.request.path'.]"
			level="INFO" doc:name="Logger" />
		<expression-component doc:name="Expression"><![CDATA[if(message.inboundProperties['http.uri.params'].applicationid != null){
   appIDTemp  = message.inboundProperties['http.uri.params'].applicationid;
	if(appIDTemp.split("-").size() > 1){
		flowVars['countryCode'] = appIDTemp.split("-")[1].toUpperCase();
		if(appIDTemp.split("-")[1].toUpperCase().equals("US")){
			 flowVars['omsSchema']="${oms.okta.us.schema}";
		}else if(appIDTemp.split("-")[1].toUpperCase().equals("CA")){
			 flowVars['omsSchema']="${oms.okta.ca.schema}";
		}else{
			flowVars['countryCode']="";
    	    flowVars['omsSchema']="${oms.okta.stores.schema}";
		}  
	}else{
		flowVars['countryCode']="";
    	flowVars['omsSchema']="${oms.okta.stores.schema}";
	}
}else{
	flowVars['countryCode']="";
    flowVars['omsSchema']="${oms.okta.stores.schema}";
}
flowVars['totalUsers']=0;
if(message.inboundProperties['http.query.params'].size() ==3 && message.inboundProperties['http.query.params'].filter !=null ){
	flowVars['userNameFilter']=message.inboundProperties['http.query.params'].filter.split("eq")[1].split("\"")[1];
}else{
	flowVars['userNameFilter']="";
}

if(message.inboundProperties['http.query.params'].startIndex !=null && message.inboundProperties['http.query.params'].count !=null)
{
startIndexVal =message.inboundProperties['http.query.params'].startIndex;
countVal= message.inboundProperties['http.query.params'].count;
flowVars['startIndexVal'] =Integer.parseInt( startIndexVal);
flowVars['startIndex'] =Integer.parseInt( startIndexVal)-1;
flowVars['count'] = Integer.parseInt(message.inboundProperties['http.query.params'].count);
flowVars['endIndex'] =Integer.parseInt(flowVars['startIndex'])+Integer.parseInt(countVal)-1;
}
else
{
flowVars['startIndex'] =Integer.parseInt(0);
flowVars['endIndex'] =Integer.parseInt(0)+Integer.parseInt(100)-1;
}
]]></expression-component>
		<dw:transform-message doc:name="Transform Message">
			<dw:input-payload />
			<dw:set-payload><![CDATA[%dw 1.0
%output application/json
%var schema = "urn:okta:" ++ flowVars['omsSchema'] ++ ":1.0:user:custom"
---
{
	"totalResults":0,
    "schemas": [
    "urn:scim:schemas:core:1.0"
    ],
    "Resources":[]
}
]]></dw:set-payload>
		</dw:transform-message>

	</flow>
	<!-- <flow name="flow_post_Groups_oms"> <logger message="in #[flowVars.applicationid] 
		post #[message.inboundProperties.'http.request.path'.]" level="INFO" doc:name="Logger"/> 
		<set-payload value="in #[flowVars.applicationid] post Groups set payload" 
		doc:name="Set Payload"/> </flow> -->
	<!-- <flow name="flow_get_Groups_id_oms"> <logger message="in #[flowVars.applicationid] 
		get #[message.inboundProperties.'http.request.path'.]" level="INFO" doc:name="Logger"/> 
		<set-payload value="in #[flowVars.applicationid] get Groups with groupid 
		#[flowVars.groupid] set payload" doc:name="Set Payload"/> </flow> -->
	<!-- <flow name="flow_put_Groups_id_oms"> <logger message="in #[flowVars.applicationid] 
		put #[message.inboundProperties.'http.request.path'.]" level="INFO" doc:name="Logger"/> 
		<set-payload value="in #[flowVars.applicationid] put Groups with groupid 
		#[flowVars.groupid] set payload" doc:name="Set Payload"/> </flow> -->
	<!-- <flow name="flow_delete_Groups_id_oms"> <logger message="in #[flowVars.applicationid] 
		delete #[message.inboundProperties.'http.request.path'.]" level="INFO" doc:name="Logger"/> 
		<set-payload value="in #[flowVars.applicationid] delete with groupid #[flowVars.groupid] 
		set payload" doc:name="Set Payload"/> </flow> -->
</mule>