<?xml version="1.0" encoding="UTF-8"?>
<mule xmlns="http://www.mulesoft.org/schema/mule/core" xmlns:apikit="http://www.mulesoft.org/schema/mule/apikit" xmlns:cluster="http://www.mulesoft.org/schema/mule/ee/cluster" xmlns:doc="http://www.mulesoft.org/schema/mule/documentation" xmlns:dw="http://www.mulesoft.org/schema/mule/ee/dw" xmlns:http="http://www.mulesoft.org/schema/mule/http" xmlns:json="http://www.mulesoft.org/schema/mule/json" xmlns:metadata="http://www.mulesoft.org/schema/mule/metadata" xmlns:objectstore="http://www.mulesoft.org/schema/mule/objectstore" xmlns:spring="http://www.springframework.org/schema/beans" xmlns:tracking="http://www.mulesoft.org/schema/mule/ee/tracking" xmlns:xsi="http://www.w3.org/2001/XMLSchema-instance" xsi:schemaLocation="http://www.mulesoft.org/schema/mule/core http://www.mulesoft.org/schema/mule/core/current/mule.xsd
http://www.mulesoft.org/schema/mule/http http://www.mulesoft.org/schema/mule/http/current/mule-http.xsd
http://www.mulesoft.org/schema/mule/apikit http://www.mulesoft.org/schema/mule/apikit/current/mule-apikit.xsd
http://www.springframework.org/schema/beans http://www.springframework.org/schema/beans/spring-beans-3.1.xsd
http://www.mulesoft.org/schema/mule/ee/tracking http://www.mulesoft.org/schema/mule/ee/tracking/current/mule-tracking-ee.xsd
http://www.mulesoft.org/schema/mule/ee/dw http://www.mulesoft.org/schema/mule/ee/dw/current/dw.xsd
http://www.mulesoft.org/schema/mule/json http://www.mulesoft.org/schema/mule/json/current/mule-json.xsd
http://www.mulesoft.org/schema/mule/objectstore http://www.mulesoft.org/schema/mule/objectstore/current/mule-objectstore.xsd">
    <apikit:config name="api-config" raml="api.raml" consoleEnabled="false" consolePath="console" doc:name="Router" />
    <configuration doc:name="Configuration">
        <http:config useTransportForUris="false" />
    </configuration>
    <spring:beans>
        <spring:bean id="myListableObjectStore" class="org.mule.util.store.SimpleMemoryObjectStore" />
    </spring:beans>
    <objectstore:config name="ObjectStore__Configuration" partition="in-memory" objectStore-ref="myListableObjectStore" entryTtl="3600000" expirationInterval="4000000" maxEntries="1" doc:name="ObjectStore: Configuration" />
    <flow name="api-main">
        <http:listener config-ref="api-httpListenerConfig" path="/sso-intgr-svc/v1/*" doc:name="HTTP" />

        <flow-ref name="save-requested-serialized-format" doc:name="save-requested-serialized-format" />
        <apikit:router config-ref="api-config" doc:name="APIkit Router" />
        <exception-strategy ref="api-apiKitGlobalExceptionMapping" doc:name="Reference Exception Strategy" />
    </flow>
</mule>