<?xml version="1.0" encoding="UTF-8"?>
<mule xmlns:scripting="http://www.mulesoft.org/schema/mule/scripting" xmlns:encryption="http://www.mulesoft.org/schema/mule/encryption"
	xmlns:json="http://www.mulesoft.org/schema/mule/json" xmlns:metadata="http://www.mulesoft.org/schema/mule/metadata"
	xmlns:dw="http://www.mulesoft.org/schema/mule/ee/dw" xmlns:tracking="http://www.mulesoft.org/schema/mule/ee/tracking"
	xmlns:oauth2="http://www.mulesoft.org/schema/mule/oauth2" xmlns:batch="http://www.mulesoft.org/schema/mule/batch"
	xmlns:http="http://www.mulesoft.org/schema/mule/http" xmlns="http://www.mulesoft.org/schema/mule/core"
	xmlns:doc="http://www.mulesoft.org/schema/mule/documentation"
	xmlns:spring="http://www.springframework.org/schema/beans" xmlns:xsi="http://www.w3.org/2001/XMLSchema-instance"
	xsi:schemaLocation="http://www.mulesoft.org/schema/mule/ee/dw http://www.mulesoft.org/schema/mule/ee/dw/current/dw.xsd
http://www.mulesoft.org/schema/mule/http http://www.mulesoft.org/schema/mule/http/current/mule-http.xsd
http://www.springframework.org/schema/beans http://www.springframework.org/schema/beans/spring-beans-current.xsd
http://www.mulesoft.org/schema/mule/core http://www.mulesoft.org/schema/mule/core/current/mule.xsd
http://www.mulesoft.org/schema/mule/oauth2 http://www.mulesoft.org/schema/mule/oauth2/current/mule-oauth2.xsd
http://www.mulesoft.org/schema/mule/batch http://www.mulesoft.org/schema/mule/batch/current/mule-batch.xsd
http://www.mulesoft.org/schema/mule/ee/tracking http://www.mulesoft.org/schema/mule/ee/tracking/current/mule-tracking-ee.xsd
http://www.mulesoft.org/schema/mule/json http://www.mulesoft.org/schema/mule/json/current/mule-json.xsd
http://www.mulesoft.org/schema/mule/encryption http://www.mulesoft.org/schema/mule/encryption/current/mule-encryption.xsd
http://www.mulesoft.org/schema/mule/scripting http://www.mulesoft.org/schema/mule/scripting/current/mule-scripting.xsd">
	<http:request-config name="HTTP_Request_Configuration"
		protocol="HTTPS" host="${smsbooker.host}" port="${smsbooker.port}"
		basePath="${smsbooker.base.path}" doc:name="HTTP Request Configuration"  responseTimeout="120000">
		<http:basic-authentication username="oktaservice"
			password="password" />
	</http:request-config>
	<expression-filter expression="#[flowVars.createList.size()&gt;0]"
		name="Expression" doc:name="Expression" />
	<expression-filter expression="#[flowVars.createList.size()&gt;0]"
		name="Expression1" doc:name="Expression" />
	<expression-filter expression="#[flowVars.updateList.size()&gt;0]"
		name="Expression2" doc:name="Expression" />
	<expression-filter expression="#[flowVars.deleteList.size()&gt;0]"
		name="Expression3" doc:name="Expression" />
	<encryption:config name="Encryption" doc:name="Encryption" />
	<flow name="flow_get_capabilities_smsbooker">
		<set-payload doc:name="Set Payload" mimeType="application/json"
			value="{&quot;schemas&quot;:[&quot;urn:scim:schemas:core:1.0&quot;,&quot;urn:okta:schemas:scim:providerconfig:1.0&quot;],&quot;documentationUrl&quot;:&quot;https://support.okta.com/scim-fake-page.html&quot;,&quot;patch&quot;:{&quot;supported&quot;:false},&quot;bulk&quot;:{&quot;supported&quot;:false},&quot;filter&quot;:{&quot;supported&quot;:true,&quot;maxResults&quot;:100},&quot;changePassword&quot;:{&quot;supported&quot;:true},&quot;sort&quot;:{&quot;supported&quot;:false},&quot;etag&quot;:{&quot;supported&quot;:false},&quot;authenticationSchemes&quot;:[],&quot;urn:okta:schemas:scim:providerconfig:1.0&quot;:{&quot;userManagementCapabilities&quot;:[${sso.smsbooker.managementCapabilities}]}}" />
	</flow>
	<flow name="get_access_token">
		<set-payload
			value="{&quot;BrandName&quot;:&quot;${smsbooker.brand}&quot;,&quot;Password&quot;:&quot;${smsbooker.password}&quot;,&quot;UserName&quot;:&quot;${smsbooker.username}&quot;,&quot;client_id&quot;:&quot;${smsbooker.client.id}&quot;,&quot;client_secret&quot;:&quot;${smsbooker.clientsecret}&quot;,&quot;grant_type&quot;:&quot;&quot;}"
			mimeType="application/json" doc:name="Set Payload" />
        <http:request config-ref="HTTP_Request_Configuration" path="/login/brand" method="POST" doc:name="HTTPS"/>


		<json:json-to-object-transformer
			returnClass="java.util.HashMap" doc:name="JSON to Object" />
		<set-payload value="#[payload.access_token]" doc:name="Set Payload" />

	</flow>
	<flow name="flow_get_Users_smsbooker">
		<logger
			message="in #[flowVars.applicationid] get #[message.inboundProperties.'http.request.path']"
			level="DEBUG" doc:name="Logger" />

        <dw:transform-message doc:name="Transform Message">
            <dw:set-payload><![CDATA[%dw 1.0
%output application/json
---
{
	"totalResults":0,
    "schemas": ["urn:scim:schemas:core:1.0", "urn:scim:schemas:extension:enterprise:1.0", "urn:okta:booker:1.0:user"],
    "Resources":[]
}
]]></dw:set-payload>
        </dw:transform-message>
	</flow>
	<flow name="flow_get_Users_id_smsbooker">
		<logger
			message="in #[flowVars.applicationid] get #[message.inboundProperties.'http.request.path']"
			level="DEBUG" doc:name="Logger" />
        <dw:transform-message doc:name="Transform Message">
            <dw:set-payload><![CDATA[%dw 1.0
%output application/json
---
{
	"totalResults":0,
    "schemas": ["urn:scim:schemas:core:1.0", "urn:scim:schemas:extension:enterprise:1.0", "urn:okta:booker:1.0:user"],
    "Resources":[]
}
]]></dw:set-payload>
        </dw:transform-message>


	</flow>
	<flow name="flow_post_Users_smsbooker">
        <logger message="sso-intgr-svc enter flow_post_Users_smsbooker :" level="INFO" doc:name="Logger"/>
		<object-to-string-transformer doc:name="Object to String" />

		<set-variable variableName="originalPayload" value="#[message.payload]"
			doc:name="Variable" mimeType="application/json" />
		<json:json-to-object-transformer
			returnClass="java.util.HashMap" doc:name="JSON to Object" />
        <set-variable variableName="bookerCreateUserMap" value="#[payload]" doc:name="Variable"/>
        <enricher source="#[payload]" target="#[flowVars.'oktauserschema']" doc:name="Message Enricher">
            <flow-ref name="dynamicallyParsingSchema" doc:name="dynamicallyParsingSchema"/>
        </enricher>
        <set-payload value="#[flowVars.bookerCreateUserMap]" doc:name="Set Payload"/>
        <logger message="#[message.payloadAs(java.lang.String)]" level="INFO" doc:name="Logger"/>
        <expression-component doc:name="Expression"><![CDATA[		flowVars['access_token']="";
		flowVars['createList'] = new java.util.ArrayList();
		flowVars['updateList'] = new java.util.ArrayList();

		flowVars['responseHashMap'] = new java.util.HashMap();
		flowVars['passEncp']=payload.password;
		flowVars['saltEncp'] = org.apache.commons.lang.RandomStringUtils.randomAlphanumeric(16);
		flowVars['userName'] = payload.userName;


		flowVars[' curExID'] = payload[flowVars.'oktauserschema'].extLocationID;		
       	flowVars['current']=(flowVars[' curExID'].substring(1, flowVars[' curExID'].length()-1));
		flowVars['current1'] = flowVars['current'].split(",");
	for(int i=0;i<flowVars['current1'].length;i++)
		{
			flowVars['createList'].add(flowVars['current1'][i]);
		}
		]]></expression-component>



		<enricher source="#[payload]" target="#[flowVars.access_token]"
			doc:name="Message Enricher">
			<flow-ref name="get_access_token" doc:name="get_access_token" />
		</enricher>

		<foreach collection="#[flowVars.createList]" doc:name="For Each">

			<set-payload value="#[flowVars.originalPayload]"
				mimeType="application/json" doc:name="Set Payload" />
			<dw:transform-message metadata:id="89e64b91-e59d-46e7-b93a-2b14670f9ffb"
				doc:name="Transform Message">
				<dw:input-payload doc:sample="json_2.json" />
				<dw:set-payload><![CDATA[%dw 1.0
%output application/json
%var oktauserschema = flowVars.oktauserschema
---
{
	access_token: flowVars.access_token,
	Email: (payload.emails filter $.primary == true)..[0].value,
	ExtID: payload.userName as :number,
	ExtLocationID: flowVars.createList[flowVars.counter - 1] as :number,
	FirstName: payload.name.givenName,
	Gender: {
		ID: payload[oktauserschema].genderID,
		Name: payload[oktauserschema].genderName
	},
	HomePhone: payload[oktauserschema].homePhone,
	JobCode: payload[oktauserschema].jobCode,
	LastName: payload.name.familyName,
	LoginName: payload.userName,
	MobilePhone: (payload.phoneNumbers filter $.type=="mobile")..[0].value,
	(MobilePhoneCarrierID: payload[oktauserschema].mobilePhoneCarrierID as :number) when (payload[oktauserschema].mobilePhoneCarrierID  != null),
	NotifyBySMS: payload[oktauserschema].notifyBySMS,
	Password: payload.password,
	PreferredPhoneType: {
		ID: payload[oktauserschema].preferredPhoneTypeID,
		Name: payload[oktauserschema].preferredPhoneTypeName
	},
	ProfileDescription: payload[oktauserschema].profileDescription,	
	(Type: payload[oktauserschema].type as :number) when (payload[oktauserschema].type != null)
}]]></dw:set-payload>
			</dw:transform-message>
            <object-to-string-transformer returnClass="java.lang.String" doc:name="Object to String"/>

			<http:request config-ref="HTTP_Request_Configuration"
				path="/employee" method="POST" requestStreamingMode="ALWAYS"
				sendBodyMode="ALWAYS" doc:name="HTTP" />
            <object-to-string-transformer doc:name="Object to String"/>
			<json:json-to-object-transformer
				doc:name="JSON to Object" returnClass="java.util.HashMap" />

			<choice doc:name="Choice">
				<when expression="#[payload.ArgumentErrors.size() &gt; 0 &amp;&amp; payload.ArgumentErrors[0].ErrorMessage.contains( &quot;Duplicate employee exists&quot;)]">

                    <flow-ref name="update_employee" doc:name="update_employee"/>


				</when>
				<otherwise>
					<expression-component doc:name="update_responseHashMap"><![CDATA[String success =  payload.IsSuccess;
if(payload.ArgumentErrors.size() > 0){
if(success == "true")
{
flowVars.responseHashMap.put("create_"+flowVars['x-ps-transaction-id']+"_"+flowVars.userName+"_"+flowVars.createList[flowVars.counter-1]+"_"+payload.ErrorCode+"_"+payload.ArgumentErrors[0].ErrorMessage,"true");
}
else 
{
flowVars.responseHashMap.put("create_"+flowVars['x-ps-transaction-id']+"_"+flowVars.userName+"_"+flowVars.createList[flowVars.counter-1]+"_"+payload.ErrorCode+"_"+payload.ArgumentErrors[0].ErrorMessage,"false");
}
}else{
if(success == "true")
{
flowVars.responseHashMap.put("create_"+flowVars['x-ps-transaction-id']+"_"+flowVars.userName+"_"+flowVars.createList[flowVars.counter-1]+"_"+payload.ErrorCode+"_"+payload.ErrorMessage,"true");
}
else 
{
flowVars.responseHashMap.put("create_"+flowVars['x-ps-transaction-id']+"_"+flowVars.userName+"_"+flowVars.createList[flowVars.counter-1]+"_"+payload.ErrorCode+"_"+payload.ErrorMessage,"false");
}
}
]]></expression-component>
				</otherwise>
			</choice>

		</foreach>

		<choice doc:name="Choice">
			<when expression="#[flowVars.responseHashMap.containsValue(&quot;false&quot;)]">
                <logger message="sso-intgr-svc flow_post_Users_smsbooker :create employe is unsuccessful" level="INFO" doc:name="Logger"/>
				<set-payload value="#[flowVars.responseHashMap]"
					doc:name="Set Payload" />
				<json:object-to-json-transformer
					doc:name="Object to JSON" />
				<dw:transform-message doc:name="Transform Message">
					<dw:set-payload><![CDATA[
%dw 1.0
%output application/json
%var prcResult = payload mapObject {(data:'$$' splitBy "_") when ($ == 'false')}
---
	error:prcResult map {
		status:404,
		internalCode:$[4],		
		("description":"Cannot update employee with userID [" ++ $[2] ++ "] at ExLocation [" ++ $[3] ++ "],transactionID: " ++ $[1] ++ "," ++ $[5]) when ($[0] == 'update'),
		("description":"Cannot create employee with userID [" ++ $[2] ++ "] at ExLocation [" ++ $[3] ++ "],transactionID: " ++ $[1] ++ ","  ++ $[5]) when ($[0] == 'create'),
		("description":"Cannot delete employee with userID [" ++ $[2] ++ "] at ExLocation [" ++ $[3] ++ "],transactionID: " ++ $[1] ++ ","  ++ $[5]) when ($[0] == 'delete'),
		("description":"Cannot update login with userID [" ++ $[2] ++ "] at ExLocation [" ++ $[3] ++ "],transactionID: " ++ $[1] ++ ","  ++ $[5]) when ($[0] == 'update-login'),	
		("description":"Cannot unlock employee with userID [" ++ $[2] ++ "] at ExLocation [" ++ $[3] ++ "],transactionID: " ++ $[1] ++ ","  ++ $[5]) when ($[0] == 'unlock-user'),			
		help_url: null
	}]]></dw:set-payload>
				</dw:transform-message>
				<set-property propertyName="http.status" value="404"
					doc:name="Property" />



			</when>
			<otherwise>
				<logger level="INFO" doc:name="Logger"
					message="sso-intgr-svc flow_post_Users_smsbooker :Create employee is successful" />
				<set-payload value="#[flowVars.originalPayload]"
					doc:name="Set Payload" />
				<enricher source="#[payload]" target="#[flowVars.passEncp]"
					doc:name="Message Enricher">
					<encryption:encrypt config-ref="Encryption"
						input-ref="#[flowVars.passEncp]" using="JCE_ENCRYPTER" doc:name="Password_Encryption">
						<encryption:jce-encrypter key="#[flowVars.saltEncp]"
							algorithm="AES" encryptionMode="CBC" />
					</encryption:encrypt>
				</enricher>
				<enricher doc:name="Message Enricher" source="#[payload]"
					target="#[flowVars['saltEncp']]">
					<encryption:encrypt config-ref="Encryption"
						doc:name="Salt_Encryption" input-ref="#[flowVars.saltEncp]" using="JCE_ENCRYPTER">
						<encryption:jce-encrypter key="${smsbooker.sharedkey}"
							algorithm="AES" encryptionMode="CBC" />
					</encryption:encrypt>
				</enricher>
				<dw:transform-message metadata:id="5440ba1e-4813-4bfe-8c61-6faf625ef9f7"
					doc:name="Transform Message">
					<dw:input-payload doc:sample="string_1.dwl"/>
					<dw:set-payload><![CDATA[%dw 1.0
%output application/json
%var oktauserschema = flowVars.oktauserschema
---

{

	schemas: payload.schemas map ((schema , indexOfSchema) -> schema),
	id: payload.userName,
	userName: payload.userName,

	emails: payload.emails map ((email , indexOfEmail) -> {

		primary: email.primary,

		value: email.value,

		type: email.type

	}),

	(phoneNumbers: payload.phoneNumbers map ((phoneNumber , indexOfPhoneNumber) -> {

		value: phoneNumber.value,

		type: phoneNumber.type

	})) when (payload.phoneNumbers !=null),

	name: payload.name,

	active: payload.active,
	password: null,
	(oktauserschema): {

		quickLoginCode: payload[oktauserschema].quickLoginCode,

		notifyBySMS: payload[oktauserschema].notifyBySMS,

		preferredPhoneTypeName: payload[oktauserschema].preferredPhoneTypeName,

		preferredPhoneTypeID: payload[oktauserschema].preferredPhoneTypeID,

		jobCode: payload[oktauserschema].jobCode,

		genderName: payload[oktauserschema].genderName,

		genderID: payload[oktauserschema].genderID,

		profileDescription: payload[oktauserschema].profileDescription,

		type: payload[oktauserschema].type,

		homePhone: payload[oktauserschema].homePhone,

		extLocationID: payload[oktauserschema].extLocationID,

		mobilePhoneCarrierID: payload[oktauserschema].mobilePhoneCarrierID,	
	
		accountLockState: payload[oktauserschema].accountLockState,
		
		previous_accountLockState: payload[oktauserschema].accountLockState,
		
		previous_mobilePhone: (payload.phoneNumbers filter $.type=="mobile")..[0].value,

		previous_notifyBySMS: payload[oktauserschema].notifyBySMS,

		previous_genderID: payload[oktauserschema].genderID,

		previous_genderName: payload[oktauserschema].genderName,

		previous_profileDescription: payload[oktauserschema].profileDescription,

		previous_preferredPhoneTypeID: payload[oktauserschema].preferredPhoneTypeID,

		previous_preferredPhoneTypeName: payload[oktauserschema].preferredPhoneTypeName,

		previous_homePhone: payload[oktauserschema].homePhone,

		previous_extLocationID: payload[oktauserschema].extLocationID,

		previous_mobilePhoneCarrierID: payload[oktauserschema].mobilePhoneCarrierID,

		previous_type: payload[oktauserschema].type,

		previous_password: flowVars.passEncp,

		salt: flowVars.saltEncp

	}
}]]></dw:set-payload>
				</dw:transform-message>
                <object-to-string-transformer doc:name="Object to String"/>

			</otherwise>
		</choice>
        <logger message="sso-intgr-svc exit flow_post_Users_smsbooker :" level="INFO" doc:name="Logger"/>
	</flow>
	<flow name="update_employee">
		<logger
			message="sso-intgr-svc enter update_employee :"
			level="INFO" doc:name="Logger" />
        <choice doc:name="Choice">
            <when expression="#[flowVars.updateList.size()&gt;0 &amp;&amp; flowVars.updateCreate != 'Y']">

                <set-variable variableName="ExLocationID" value="#[flowVars.updateList[flowVars.counter - 1]]" doc:name="Variable"/>
            </when>
            <otherwise>

                <set-variable variableName="ExLocationID" value="#[flowVars.createList[flowVars.counter - 1]]" doc:name="dfltVariable"/>
            </otherwise>
        </choice>
		<set-payload value="#[flowVars.originalPayload]" mimeType="application/json"
			doc:name="Set Payload" />

		<dw:transform-message metadata:id="d4bc5f85-ae40-458d-9cf1-12c1c6d2365c"
			doc:name="Transform Message">
			<dw:input-payload doc:sample="json_1.json" />
			<dw:input-variable variableName="access_token" />
			<dw:set-payload><![CDATA[%dw 1.0
%output application/json
%var oktauserschema = flowVars.oktauserschema
---
{
	access_token: flowVars.access_token,
	Email: (payload.emails filter $.primary == true)..[0].value,
	ExtID: payload.userName as :number,
	ExtLocationID: flowVars.ExLocationID,
	FirstName: payload.name.givenName,
	Gender: {
		ID: payload[oktauserschema].genderID,
		Name: payload[oktauserschema].genderName
	},
	HomePhone: payload[oktauserschema].homePhone,
			
	ID: null,
	LastName: payload.name.familyName,
	MobilePhone: (payload.phoneNumbers filter $.type=="mobile")..[0].value,
	(MobilePhoneCarrierID: payload[oktauserschema].mobilePhoneCarrierID as :number) when (payload[oktauserschema].mobilePhoneCarrierID != null),
	NotifyBySMS: payload[oktauserschema].notifyBySMS,
	PreferredPhoneType: {
		ID: payload[oktauserschema].preferredPhoneTypeID,
		Name: payload[oktauserschema].preferredPhoneTypeName
	},
	ProfileDescription: payload[oktauserschema].profileDescription,
	(Type: payload[oktauserschema].type as :number) when payload[oktauserschema].accountLockState == true
}]]></dw:set-payload>

		</dw:transform-message>
        <object-to-string-transformer doc:name="Object to String"/>


		<http:request config-ref="HTTP_Request_Configuration"
			path="/employee/update" method="PUT" doc:name="HTTP">
			<http:request-builder>
                <http:header headerName="Content-Type" value="application/json"/>




			</http:request-builder>
		</http:request>
        <object-to-string-transformer doc:name="Object to String"/>
		<json:json-to-object-transformer
			returnClass="java.util.HashMap" doc:name="JSON to Object" />

		<expression-component doc:name="update_responseHashMap"><![CDATA[String success =  payload.IsSuccess;
if(flowVars.updateList.size() > 0 && flowVars.updateCreate !="Y")
{
	if(success == "true" || payload.ErrorMessage == "Employee not found")
	{
		flowVars.responseHashMap.put("update_"+flowVars['x-ps-transaction-id']+"_"+flowVars.userName+"_"+flowVars.updateList[flowVars.counter-1]+"_"+payload.ErrorCode+"_"+payload.ErrorMessage,"true");
	}
	else 
	{
		flowVars.responseHashMap.put("update_"+flowVars['x-ps-transaction-id']+"_"+flowVars.userName+"_"+flowVars.updateList[flowVars.counter-1]+"_"+payload.ErrorCode+"_"+payload.ErrorMessage,"false");
	}
}
else
{
	if(success == "true" || payload.ErrorMessage == "Employee not found")
	{
		flowVars.responseHashMap.put("update_"+flowVars['x-ps-transaction-id']+"_"+flowVars.userName+"_"+flowVars.createList[flowVars.counter-1]+"_"+payload.ErrorCode+"_"+payload.ErrorMessage,"true");
	}
	else 
	{
		flowVars.responseHashMap.put("update_"+flowVars['x-ps-transaction-id']+"_"+flowVars.userName+"_"+flowVars.createList[flowVars.counter-1]+"_"+payload.ErrorCode+"_"+payload.ErrorMessage,"false");
	}

}]]></expression-component>
		<logger message="sso-intgr-svc exit update_employee :#[payload]"
			level="INFO" doc:name="Logger" />



	</flow>
	<flow name="delete_employee">

		<logger
			message="sso-intgr-svc enter delete_employee :"
			level="INFO" doc:name="Logger" />
		<set-payload value="#[flowVars.originalPayload]" mimeType="application/json"
			doc:name="Set Payload" />

		<dw:transform-message metadata:id="b1aab6d0-6ade-4121-835b-e89a5ae9db7f"
			doc:name="Transform Message">
			<dw:set-payload><![CDATA[%dw 1.0
			%output application/json
			---
			{
				access_token: flowVars.access_token,
				ExtID: payload.userName as :number,
				ExtLocationID: flowVars.deleteList[flowVars.counter - 1]
			}]]></dw:set-payload>
		</dw:transform-message>
        <object-to-string-transformer doc:name="Object to String"/>


		<http:request config-ref="HTTP_Request_Configuration"
			path="/employee/delete" method="DELETE" doc:name="HTTP" />
        <object-to-string-transformer doc:name="Object to String"/>
		<json:json-to-object-transformer
			returnClass="java.util.HashMap" doc:name="JSON to Object" />


		<expression-component doc:name="update_responseHashMap"><![CDATA[String success =  payload.IsSuccess;
if(success == "true" || payload.ErrorMessage == "Employee not found")
{
flowVars.responseHashMap.put("delete_"+flowVars['x-ps-transaction-id']+"_"+flowVars.userName+"_"+flowVars.deleteList[flowVars.counter-1]+"_"+payload.ErrorCode+"_"+payload.ErrorMessage,"true");
}
else 
{
flowVars.responseHashMap.put("delete_"+flowVars['x-ps-transaction-id']+"_"+flowVars.userName+"_"+flowVars.deleteList[flowVars.counter-1]+"_"+payload.ErrorCode+"_"+payload.ErrorMessage,"false");
}]]></expression-component>
		<logger
			message="sso-intgr-svc exit delete_employee :"
			level="INFO" doc:name="Logger" />

	</flow>
	<flow name="create_employee">

		<logger
			message="sso-intgr-svc enter create/update create_employee :"
			level="INFO" doc:name="Logger" />
		<set-payload value="#[flowVars.originalPayload]" mimeType="application/json"
			doc:name="Set Payload" />
		<dw:transform-message metadata:id="89e64b91-e59d-46e7-b93a-2b14670f9ffb"
			doc:name="Transform Message">
			<dw:input-payload doc:sample="json_2.json" />
			<dw:set-payload><![CDATA[%dw 1.0
%output application/json
%var oktauserschema = flowVars.oktauserschema
---
{
	access_token: flowVars.access_token,
	Email: (payload.emails filter $.primary == true)..[0].value,
	ExtID: payload.userName as :number,
	ExtLocationID: flowVars.createList[flowVars.counter - 1] as :number,
	FirstName: payload.name.givenName,
	Gender: {
		ID: payload[oktauserschema].genderID,
		Name: payload[oktauserschema].genderName
	},
	HomePhone: payload[oktauserschema].homePhone,
	JobCode: payload[oktauserschema].jobCode,
	LastName: payload.name.familyName,
	LoginName: payload.userName,
	MobilePhone: (payload.phoneNumbers filter $.type=="mobile")..[0].value,
	(MobilePhoneCarrierID: payload[oktauserschema].mobilePhoneCarrierID as :number) when (payload[oktauserschema].mobilePhoneCarrierID  != null),
	NotifyBySMS: payload[oktauserschema].notifyBySMS,
	Password: flowVars.passEncp,
	PreferredPhoneType: {
		ID: payload[oktauserschema].preferredPhoneTypeID,
		Name: payload[oktauserschema].preferredPhoneTypeName
	},
	ProfileDescription: payload[oktauserschema].profileDescription,
	Type: payload[oktauserschema].type as :number
}]]></dw:set-payload>
		</dw:transform-message>
        <object-to-string-transformer doc:name="Object to String"/>

		<http:request config-ref="HTTP_Request_Configuration"
			path="/employee" method="POST" requestStreamingMode="ALWAYS"
			sendBodyMode="ALWAYS" doc:name="HTTP" />
        <object-to-string-transformer doc:name="Object to String"/>
		<json:json-to-object-transformer
			doc:name="JSON to Object" returnClass="java.util.HashMap" />
        <choice doc:name="Choice">
            <when expression="#[payload.ArgumentErrors.size() &gt; 0 &amp;&amp; payload.ArgumentErrors[0].ErrorMessage.contains( &quot;Duplicate employee exists&quot;)]">
                <set-variable variableName="updateCreate" value="#['Y']" doc:name="Variable"/>
                <flow-ref name="update_employee" doc:name="update_employee"/>
            </when>
            <otherwise>
                <expression-component doc:name="update_responseHashMap"><![CDATA[String success =  payload.IsSuccess;
if(success == "true")
{
flowVars.responseHashMap.put("create_"+flowVars['x-ps-transaction-id']+"_"+flowVars.userName+"_"+flowVars.createList[flowVars.counter-1]+"_"+payload.ErrorCode+"_"+payload.ErrorMessage,"true");
}
else 
{
flowVars.responseHashMap.put("create_"+flowVars['x-ps-transaction-id']+"_"+flowVars.userName+"_"+flowVars.createList[flowVars.counter-1]+"_"+payload.ErrorCode+"_"+payload.ErrorMessage,"false");
}
]]></expression-component>
            </otherwise>
        </choice>

		<logger level="INFO" doc:name="Logger"
			message="sso-intgr-svc exit create/update create_employee :" />
	</flow>
	<flow name="lock_unlock_user">
		<logger
			message="sso-intgr-svc enter lock_unlock_user :"
			level="INFO" doc:name="Logger" />

		<set-payload doc:name="Set Payload" mimeType="application/json"
			value="#[flowVars.originalPayload]" />
        <choice doc:name="Choice">
            <when expression="#[flowVars['prevLockState'] != flowVars['lockState']]">
                <flow-ref name="update_login" doc:name="update_login"/>

            </when>
            <otherwise>
                <dw:transform-message metadata:id="70615a3e-696e-451d-9677-45f9450b3d15" doc:name="Transform Message">
                    <dw:input-payload doc:sample="json_4.json"/>
                    <dw:set-payload><![CDATA[%dw 1.0
%output application/json
---
{


	ExtLocationID: flowVars.updateList[flowVars.counter - 1] as :number,
	ExtID: payload.userName as :number,
	access_token: flowVars.access_token,	
	ID: flowVars.updateList[flowVars.counter - 1] as :number
}]]></dw:set-payload>
                </dw:transform-message>
                <object-to-string-transformer doc:name="Object to String"/>
                <http:request config-ref="HTTP_Request_Configuration" path="/user/unlock" method="PUT" doc:name="HTTP"/>
                <object-to-string-transformer doc:name="Object to String"/>
                <json:json-to-object-transformer returnClass="java.util.HashMap" doc:name="JSON to Object"/>
                <expression-component doc:name="update_responseHashMap"><![CDATA[String success =  payload.IsSuccess;
if(success == "true" || payload.ErrorMessage == "Employee not found")
{
flowVars.responseHashMap.put("unlock_"+flowVars['x-ps-transaction-id']+"_"+flowVars.userName+"_"+flowVars.updateList[flowVars.counter-1]+"_"+payload.ErrorCode+"_"+payload.ErrorMessage,"true");
}
else 
{
flowVars.responseHashMap.put("unlock_"+flowVars['x-ps-transaction-id']+"_"+flowVars.userName+"_"+flowVars.updateList[flowVars.counter-1]+"_"+payload.ErrorCode+"_"+payload.ErrorMessage,"false");
}]]></expression-component>
            </otherwise>
        </choice>

		<logger
			message="sso-intgr-svc exit lock_unlock_user :"
			level="INFO" doc:name="Logger" />
	</flow>
	<flow name="update_login">
		<logger
			message="sso-intgr-svc enter update_login :"
			level="INFO" doc:name="Logger" />
		<set-payload value="#[flowVars.originalPayload]" mimeType="application/json"
			doc:name="Set Payload" />

		<dw:transform-message metadata:id="d4bc5f85-ae40-458d-9cf1-12c1c6d2365c"
			doc:name="Transform Message">
			<dw:input-payload doc:sample="json_5.json" />
			<dw:input-variable variableName="access_token" />
			<dw:set-payload><![CDATA[%dw 1.0
%output application/json
%var oktauserschema = flowVars.oktauserschema
---
{
	access_token: flowVars.access_token,
	Email: payload.emails.value[0],
	ExtID: payload.userName as :number,
	ExtLocationID: flowVars.updateList[flowVars.counter - 1] as :number,
	ID: null,
	(NewPassword: flowVars.passEncp) when (flowVars['prevLockState'] != flowVars['lockState']),
	(NewPassword: payload.password) when (flowVars['prevLockState'] == flowVars['lockState']),
	OldPassword: flowVars.passEncp,
	SetUserAccountLockState: payload[oktauserschema].accountLockState,
	UserName: payload.userName
}]]></dw:set-payload>

		</dw:transform-message>
        <object-to-string-transformer doc:name="Object to String"/>

		<http:request config-ref="HTTP_Request_Configuration"
			path="/user/update" method="PUT" doc:name="HTTP" />
        <object-to-string-transformer doc:name="Object to String"/>
		<json:json-to-object-transformer
			doc:name="JSON to Object" returnClass="java.util.HashMap" />
		<expression-component doc:name="update_responseHashMap"><![CDATA[String success =  payload.IsSuccess;
if(success == "true" )
{
flowVars.responseHashMap.put("update-login_"+flowVars['x-ps-transaction-id']+"_"+flowVars.userName+"_"+flowVars.updateList[flowVars.counter-1]+"_"+payload.ErrorCode+"_"+payload.ErrorMessage,"true");
}
else
{
flowVars.responseHashMap.put("update-login_"+flowVars['x-ps-transaction-id']+"_"+flowVars.userName+"_"+flowVars.updateList[flowVars.counter-1]+"_"+payload.ErrorCode+"_"+payload.ErrorMessage,"false");
}]]></expression-component>
		<logger
			message="sso-intgr-svc exit update_login :"
			level="INFO" doc:name="Logger" />

	</flow>
	<flow name="create_delete_update_employee">
        <logger message="sso-intgr-svc enter create_delete_update_employee :" level="INFO" doc:name="Logger"/>
		<scatter-gather doc:name="Scatter-Gather">
			<processor-chain>
				<filter ref="Expression1" doc:name="Create employee filter" />
				<logger
					message="sso-intgr-svc create_delete_update_employee create list:#[flowVars.createList]"
					level="INFO" doc:name="Logger" />
				<foreach doc:name="Create_employee_for_each_locationID"
					collection="#[flowVars.createList]">

					<flow-ref name="create_employee" doc:name="create_employee" />
				</foreach>

			</processor-chain>
			<processor-chain>
				<filter ref="Expression2" doc:name="Update employee filter" />
				<logger
					message="sso-intgr-svc create_delete_update_employee update list: #[flowVars.updateList]"
					level="INFO" doc:name="Logger" />
				<foreach doc:name="Update_employee_for_each_locationID"
					collection="#[flowVars.updateList]">

					<flow-ref name="update_employee" doc:name="update_employee" />
                    <flow-ref name="lock_unlock_user" doc:name="lock_unlock_user"/>
				</foreach>
			</processor-chain>
			<processor-chain>
				<filter ref="Expression3" doc:name="Delete employee filter" />
				<logger
					message="sso-intgr-svc create_delete_update_employee delete list:#[flowVars.deleteList]"
					level="INFO" doc:name="Logger" />
				<foreach doc:name="Delete_employee_for_each_locationID"
					collection="#[flowVars.deleteList]">

					<flow-ref name="delete_employee" doc:name="delete_employee" />
				</foreach>
			</processor-chain>

		</scatter-gather>
		<logger
			message="sso-intgr-svc create_delete_update_employee Is the Update/create/delete Successful : #[flowVars.responseHashMap.containsValue(&quot;true&quot;)]"
			level="INFO" doc:name="Logger" />
		<choice doc:name="Choice">
			<when expression="#[flowVars.responseHashMap.containsValue(&quot;false&quot;)]">
                <logger message="sso-intgr-svc create_delete_update_employee unsuccessful :" level="INFO" doc:name="Logger"/>
				<set-payload value="#[flowVars.responseHashMap]"
					doc:name="Set Payload" />
				<json:object-to-json-transformer
					doc:name="Object to JSON" />
				<dw:transform-message doc:name="Transform Message">
					<dw:input-payload doc:sample="json_8.json" />
					<dw:set-payload><![CDATA[
%dw 1.0
%output application/json
%var prcResult = payload mapObject {(data:'$$' splitBy "_") when ($ == 'false')}
---
	error:prcResult map {
		status:404,
		internalCode:$[4],		
		("description":"Cannot update employee with userID [" ++ $[2] ++ "] at ExLocation [" ++ $[3] ++ "],transactionID: " ++ $[1] ++ "," ++ $[5]) when ($[0] == 'update'),
		("description":"Cannot create employee with userID [" ++ $[2] ++ "] at ExLocation [" ++ $[3] ++ "],transactionID: " ++ $[1] ++ ","  ++ $[5]) when ($[0] == 'create'),
		("description":"Cannot delete employee with userID [" ++ $[2] ++ "] at ExLocation [" ++ $[3] ++ "],transactionID: " ++ $[1] ++ ","  ++ $[5]) when ($[0] == 'delete'),
		("description":"Cannot update login with userID [" ++ $[2] ++ "] at ExLocation [" ++ $[3] ++ "],transactionID: " ++ $[1] ++ ","  ++ $[5]) when ($[0] == 'update-login'),	
		("description":"Cannot unlock employee with userID [" ++ $[2] ++ "] at ExLocation [" ++ $[3] ++ "],transactionID: " ++ $[1] ++ ","  ++ $[5]) when ($[0] == 'unlock-user'),			
		help_url: null
	}]]></dw:set-payload>
				</dw:transform-message>
				<set-property propertyName="http.status" value="404"
					doc:name="Property" />

			</when>

			<otherwise>
				<logger level="INFO" doc:name="Logger"
					message="sso-intgr-svc create_delete_update_employee successful :" />
				<set-payload value="#[flowVars.originalPayload]"
					doc:name="Set Payload" mimeType="application/json" />
                <json:object-to-json-transformer doc:name="Object to JSON"/>
				<dw:transform-message metadata:id="5440ba1e-4813-4bfe-8c61-6faf625ef9f7"
					doc:name="Transform Message">
					<dw:input-payload doc:sample="json_3.json" />
					<dw:set-payload><![CDATA[%dw 1.0
%output application/json
%var oktauserschema = flowVars.oktauserschema
---
{
	schemas: payload.schemas map ((schema , indexOfSchema) -> schema),
	userName: payload.userName,
	id: payload.userName,
	emails: payload.emails map ((email , indexOfEmail) -> {
		primary: email.primary,
		value: email.value,
		type: email.type
	}),
	(phoneNumbers: payload.phoneNumbers map ((phoneNumber , indexOfPhoneNumber) -> {
		value: phoneNumber.value,
		type: phoneNumber.type
	}))when (payload.phoneNumbers !=null),
	name: payload.name,
	active: payload.active,
	(oktauserschema): {
		quickLoginCode: payload[oktauserschema].quickLoginCode,
		notifyBySMS: payload[oktauserschema].notifyBySMS,
		preferredPhoneTypeName: payload[oktauserschema].preferredPhoneTypeName,
		preferredPhoneTypeID: payload[oktauserschema].preferredPhoneTypeID,
		jobCode: payload[oktauserschema].jobCode,
		genderName: payload[oktauserschema].genderName,
		genderID: payload[oktauserschema].genderID,
		profileDescription: payload[oktauserschema].profileDescription,
		type: payload[oktauserschema].type,
		homePhone: payload[oktauserschema].homePhone,
		extLocationID: payload[oktauserschema].extLocationID,
		mobilePhoneCarrierID: payload[oktauserschema].mobilePhoneCarrierID,
		accountLockState: payload[oktauserschema].accountLockState,
		previous_mobilePhone: (payload.phoneNumbers filter $.type=="mobile")..[0].value,
		previous_notifyBySMS: payload[oktauserschema].notifyBySMS,
		previous_genderID: payload[oktauserschema].genderID,
		previous_genderName: payload[oktauserschema].genderName,
		previous_profileDescription: payload[oktauserschema].profileDescription,
		previous_preferredPhoneTypeID: payload[oktauserschema].preferredPhoneTypeID,
		previous_preferredPhoneTypeName: payload[oktauserschema].preferredPhoneTypeName,
		previous_homePhone: payload[oktauserschema].homePhone,
		previous_extLocationID: payload[oktauserschema].extLocationID,
		previous_mobilePhoneCarrierID: payload[oktauserschema].mobilePhoneCarrierID,
		previous_type: payload[oktauserschema].type,
		previous_password : payload[oktauserschema].previous_password,
		salt : payload[oktauserschema].salt
	}
}]]></dw:set-payload>
				</dw:transform-message>
                <object-to-string-transformer doc:name="Object to String"/>
				
			</otherwise>
		</choice>
        <logger message="sso-intgr-svc exit create_delete_update_employee :" level="INFO" doc:name="Logger"/>
	</flow>
    <flow name="flow_put_Users_id_smsbooker">
        <logger message="sso-intgr-svc enter flow_put_Users_id_smsbooker :#[message]" level="INFO" doc:name="Logger"/>
        <object-to-string-transformer doc:name="Object to String"/>        
        <set-variable variableName="originalPayload" value="#[message.payload]" doc:name="Variable"/>
        <json:json-to-object-transformer returnClass="java.util.HashMap" doc:name="JSON to Object"/>
        <set-variable variableName="bookerUpdateUserMap" value="#[payload]" doc:name="Variable"/>
        <enricher source="#[payload]" target="#[flowVars.access_token]" doc:name="Message Enricher">
            <flow-ref name="get_access_token" doc:name="get_access_token"/>
        </enricher>
        <enricher source="#[payload]" target="#[flowVars.'oktauserschema']" doc:name="Message Enricher">
            <flow-ref name="dynamicallyParsingSchema" doc:name="dynamicallyParsingSchema"/>
        </enricher>
        <set-payload value="#[flowVars.bookerUpdateUserMap]" doc:name="Set Payload"/>
        <expression-component doc:name="Expression"><![CDATA[flowVars['updateList']= new java.util.ArrayList();
			flowVars['createList'] = new java.util.ArrayList();
			flowVars['deleteList'] = new java.util.ArrayList();
			flowVars['responseHashMap'] = new java.util.HashMap();
			flowVars['responseErrorHashMap'] = new java.util.HashMap();
			flowVars['responseError'] = new java.util.ArrayList();
			flowVars['userName']=payload.userName;
			flowVars['saltEncp'] = payload[flowVars.'oktauserschema'].salt;
			flowVars['passEncp'] = payload[flowVars.'oktauserschema'].previous_password;
			String pass = payload.password;
			flowVars['lockState']=payload[flowVars.'oktauserschema'].accountLockState;
			lockStateTemp=payload[flowVars.'oktauserschema'].previous_accountLockState;
			flowVars['prevLockState'] = lockStateTemp;
			if(lockStateTemp == null){
				flowVars['prevLockState'] = false;
			}
			flowVars['curExID'] = payload[flowVars.'oktauserschema'].extLocationID;
			flowVars['prevExID'] = payload[flowVars.'oktauserschema'].previous_extLocationID;

			
 				 if(flowVars['curExID'] == ",,")
 					{ 
 						flowVars['curExID']=null;
 					 }

 if(flowVars['prevExID'] == ",,")
 					{ 
 						flowVars['prevExID']=null;
 					 }
                  
             flowVars['current']={};
			flowVars['previous']={};
	
			if(pass == null)
			{
				flowVars['passChange'] = "false";
			}
			else
			{
				flowVars['passChange'] = "true";
			}
			if(flowVars['curExID'] != null && flowVars['prevExID'] != null)
			{
			    flowVars['current']=(flowVars['curExID'].substring(1, flowVars['curExID'].length()-1));
				flowVars['current1']=flowVars['current'].split(",");
				
			    flowVars['previous']=(flowVars['prevExID'].substring(1, flowVars['prevExID'].length()-1));
				flowVars['previous1']=flowVars['previous'].split(",");
			        for(int i=0;i<flowVars['current1'].length;i++)
			        {
			            for(int j=0;j<flowVars['previous1'].length;j++)
			            {
			                if(flowVars['current1'][i].equals(flowVars['previous1'][j])){flowVars['updateList'].add(flowVars['current1'][i]);}
			            }
			        }
			
			        flowVars['result']="";
			        for(int i=0;i<flowVars['current1'].length;i++)
			        {
			            flowVars['result']="FAIL";
			            for(int j=0;j<flowVars['previous1'].length;j++){
			                if(flowVars['current1'][i].equals(flowVars['previous1'][j])){flowVars['result']="TRUE";}
			            }
			            if(flowVars['result']!="TRUE"){flowVars['createList'].add(flowVars['current1'][i]);}
			        }
			        flowVars['result']="FAIL";
			        for(int i=0;i<flowVars['previous1'].length;i++)
			        {
			            flowVars['result']="FAIL";
			
			            for(int j=0;j<flowVars['current1'].length;j++){
			                if(flowVars['previous1'][i].equals(flowVars['current1'][j])){flowVars['result']="TRUE";}
			            }
			            if(flowVars['result']!="TRUE"){flowVars['deleteList'].add(flowVars['previous1'][i]);}
			        }
			}
			else if(flowVars['curExID'] != null && flowVars['prevExID'] == null)
			{
			    flowVars['current1']=(flowVars['curExID'].substring(1, flowVars['curExID'].length()-1));
				flowVars['current2']=flowVars['current1'].split(",");
				for(int i=0;i<flowVars['current2'].length;i++)
				{
					flowVars['createList'].add(flowVars['current2'][i]);
				}
			}
			else if(flowVars['curExID'] == null && flowVars['prevExID'] != null)
			{
			    flowVars['previous1']=(flowVars['prevExID'].substring(1, flowVars['prevExID'].length()-1));
				flowVars['previous2']=flowVars['previous1'].split(",");
				for(int i=0;i<flowVars['previous'].length;i++)
				{
					flowVars['deleteList'].add(flowVars['previous2'][i]);
				}
			}
			]]></expression-component>
        <enricher source="#[payload]" target="#[flowVars['saltEncp']]" doc:name="Message Enricher">
            <encryption:decrypt config-ref="Encryption" input-ref="#[flowVars.saltEncp]" using="JCE_ENCRYPTER" doc:name="Salt_Decryption">
                <encryption:jce-encrypter key="${smsbooker.sharedkey}" algorithm="AES" encryptionMode="CBC"/>
            </encryption:decrypt>
        </enricher>
        <enricher source="#[payload]" target="#[flowVars.passEncp]" doc:name="Message Enricher">
            <encryption:decrypt config-ref="Encryption" input-ref="#[flowVars.passEncp]" using="JCE_ENCRYPTER" doc:name="Password_Decryption">
                <encryption:jce-encrypter key="#[flowVars.saltEncp]" algorithm="AES" encryptionMode="CBC"/>
            </encryption:decrypt>
        </enricher>
        
        <choice doc:name="Choice">
            <when expression="#[flowVars['prevLockState'] != flowVars['lockState'] &amp;&amp; flowVars['curExID'] == flowVars['prevExID']]">
                <foreach collection="#[flowVars.updateList]" doc:name="For Each unlock user">
                    <flow-ref name="lock_unlock_user" doc:name="lock_unlock_user"/>
                    <flow-ref name="update_employee" doc:name="update_employee"/>
                </foreach>
                <choice doc:name="Choice">
                    <when expression="#[flowVars.responseHashMap.containsValue(&quot;false&quot;)]">
                        <logger message="sso-intgr-svc flow_put_Users_id_smsbooker lock/unlock unsuccessful :" level="INFO" doc:name="Logger"/>
                        <set-payload value="#[flowVars.responseHashMap]" doc:name="Set Payload"/>
                        <json:object-to-json-transformer doc:name="Object to JSON"/>
                        <dw:transform-message doc:name="Transform Message">
                            <dw:set-payload><![CDATA[
%dw 1.0
%output application/json
%var prcResult = payload mapObject {(data:'$$' splitBy "_") when ($ == 'false')}
---
	error:prcResult map {
		status:404,
		internalCode:$[4],		
		("description":"Cannot update employee with userID [" ++ $[2] ++ "] at ExLocation [" ++ $[3] ++ "],transactionID: " ++ $[1] ++ "," ++ $[5]) when ($[0] == 'update'),
		("description":"Cannot create employee with userID [" ++ $[2] ++ "] at ExLocation [" ++ $[3] ++ "],transactionID: " ++ $[1] ++ ","  ++ $[5]) when ($[0] == 'create'),
		("description":"Cannot delete employee with userID [" ++ $[2] ++ "] at ExLocation [" ++ $[3] ++ "],transactionID: " ++ $[1] ++ ","  ++ $[5]) when ($[0] == 'delete'),
		("description":"Cannot update login with userID [" ++ $[2] ++ "] at ExLocation [" ++ $[3] ++ "],transactionID: " ++ $[1] ++ ","  ++ $[5]) when ($[0] == 'update-login'),	
		("description":"Cannot unlock employee with userID [" ++ $[2] ++ "] at ExLocation [" ++ $[3] ++ "],transactionID: " ++ $[1] ++ ","  ++ $[5]) when ($[0] == 'unlock-user'),			
		help_url: null
	}]]></dw:set-payload>
                        </dw:transform-message>
                        <set-property propertyName="http.status" value="404" doc:name="Property"/>
                        <object-to-string-transformer doc:name="Object to String"/>
                    </when>
                    <otherwise>
                        <logger message="sso-intgr-svc flow_put_Users_id_smsbooker lock/unlock successful :" level="INFO" doc:name="Logger"/>
                        <expression-component doc:name="Copy_of_Expression"><![CDATA[flowVars['saltEncp'] = org.apache.commons.lang.RandomStringUtils.randomAlphanumeric(16);
]]></expression-component>
                        <enricher source="#[payload]" target="#[flowVars.passEncp]" doc:name="Copy_of_Message Enricher">
                            <encryption:encrypt config-ref="Encryption" input-ref="#[flowVars.passEncp]" using="JCE_ENCRYPTER" doc:name="Copy_of_Password_Encryption">
                                <encryption:jce-encrypter key="#[flowVars.saltEncp]" algorithm="AES" encryptionMode="CBC"/>
                            </encryption:encrypt>
                        </enricher>
                        <enricher source="#[payload]" target="#[flowVars['saltEncp']]" doc:name="Copy_of_Message Enricher">
                            <encryption:encrypt config-ref="Encryption" input-ref="#[flowVars.saltEncp]" using="JCE_ENCRYPTER" doc:name="Copy_of_Salt_Encryption">
                                <encryption:jce-encrypter key="${smsbooker.sharedkey}" algorithm="AES" encryptionMode="CBC"/>
                            </encryption:encrypt>
                        </enricher>
                        <set-payload value="#[flowVars.originalPayload]" mimeType="application/json" doc:name="Set Payload"/>
                        <dw:transform-message metadata:id="356ddf70-97f1-4367-adec-043eeeca145d" doc:name="Transform Message">
                            <dw:input-payload doc:sample="json_1.json"/>
                            <dw:set-payload><![CDATA[%dw 1.0
%output application/json
%var oktauserschema =  flowVars.oktauserschema
---
{

	schemas: payload.schemas map ((schema , indexOfSchema) -> schema),

	userName: payload.userName,
	id: payload.userName,
	emails: payload.emails map ((email , indexOfEmail) -> {

		primary: email.primary,

		value: email.value,

		type: email.type

	}),

	(phoneNumbers: payload.phoneNumbers map ((phoneNumber , indexOfPhoneNumber) -> {

		value: phoneNumber.value,

		type: phoneNumber.type

	})) when (payload.phoneNumbers !=null),

	name: payload.name,

	active: payload.active,

	password: null,

	(oktauserschema): {

		quickLoginCode: payload[oktauserschema].quickLoginCode,

		notifyBySMS: payload[oktauserschema].notifyBySMS,

		preferredPhoneTypeName: payload[oktauserschema].preferredPhoneTypeName,

		preferredPhoneTypeID: payload[oktauserschema].preferredPhoneTypeID,

		jobCode: payload[oktauserschema].jobCode,

		genderName: payload[oktauserschema].genderName,

		genderID: payload[oktauserschema].genderID,

		profileDescription: payload[oktauserschema].profileDescription,

		type: payload[oktauserschema].type,

		homePhone: payload[oktauserschema].homePhone,

		extLocationID: payload[oktauserschema].extLocationID,

		mobilePhoneCarrierID: payload[oktauserschema].mobilePhoneCarrierID,

		accountLockState: payload[oktauserschema].accountLockState,
		
		previous_accountLockState: payload[oktauserschema].accountLockState,
		
		previous_mobilePhone: (payload.phoneNumbers filter $.type=="mobile")..[0].value,
		
		previous_notifyBySMS: payload[oktauserschema].notifyBySMS,

		previous_genderID: payload[oktauserschema].genderID,

		previous_genderName: payload[oktauserschema].genderName,

		previous_profileDescription: payload[oktauserschema].profileDescription,

		previous_preferredPhoneTypeID: payload[oktauserschema].preferredPhoneTypeID,

		previous_preferredPhoneTypeName: payload[oktauserschema].preferredPhoneTypeName,

		previous_homePhone: payload[oktauserschema].homePhone,

		previous_extLocationID: payload[oktauserschema].extLocationID,

		previous_mobilePhoneCarrierID: payload[oktauserschema].mobilePhoneCarrierID,

		previous_type: payload[oktauserschema].type

	}
}]]></dw:set-payload>
                        </dw:transform-message>
                        <object-to-string-transformer doc:name="Object to String"/>
                        
                    </otherwise>
                </choice>
            </when>
            <when expression="#[flowVars['passChange'] == &quot;true&quot;]">
                <foreach collection="#[flowVars.updateList]" doc:name="For Each update login">
                    <flow-ref name="update_login" doc:name="update_login"/>
                </foreach>
                
                <choice doc:name="Choice">
                    <when expression="#[flowVars.responseHashMap.containsValue(&quot;false&quot;)]">
                        <logger message="sso-intgr-svc flow_put_Users_id_smsbooker update_login unsuccessful :" level="INFO" doc:name="Logger"/>
                        <set-payload value="#[flowVars.responseHashMap]" doc:name="Set Payload"/>
                        <json:object-to-json-transformer doc:name="Object to JSON"/>
                        <dw:transform-message doc:name="Transform Message">
                            <dw:set-payload><![CDATA[
%dw 1.0
%output application/json
%var prcResult = payload mapObject {(data:'$$' splitBy "_") when ($ == 'false')}
---
	error:prcResult map {
		status:404,
		internalCode:$[4],		
		("description":"Cannot update employee with userID [" ++ $[2] ++ "] at ExLocation [" ++ $[3] ++ "],transactionID: " ++ $[1] ++ "," ++ $[5]) when ($[0] == 'update'),
		("description":"Cannot create employee with userID [" ++ $[2] ++ "] at ExLocation [" ++ $[3] ++ "],transactionID: " ++ $[1] ++ ","  ++ $[5]) when ($[0] == 'create'),
		("description":"Cannot delete employee with userID [" ++ $[2] ++ "] at ExLocation [" ++ $[3] ++ "],transactionID: " ++ $[1] ++ ","  ++ $[5]) when ($[0] == 'delete'),
		("description":"Cannot update login with userID [" ++ $[2] ++ "] at ExLocation [" ++ $[3] ++ "],transactionID: " ++ $[1] ++ ","  ++ $[5]) when ($[0] == 'update-login'),	
		("description":"Cannot unlock employee with userID [" ++ $[2] ++ "] at ExLocation [" ++ $[3] ++ "],transactionID: " ++ $[1] ++ ","  ++ $[5]) when ($[0] == 'unlock-user'),			
		help_url: null
	}]]></dw:set-payload>
                        </dw:transform-message>
                        <set-property propertyName="http.status" value="404" doc:name="Property"/>
                        <object-to-string-transformer doc:name="Object to String"/>
                        
                    </when>
                    <otherwise>
                        <logger message="sso-intgr-svc flow_put_Users_id_smsbooker update_login successful :" level="INFO" doc:name="Logger"/>
                        <expression-component doc:name="Expression"><![CDATA[flowVars['passEncp']=payload.password;
flowVars['saltEncp'] = org.apache.commons.lang.RandomStringUtils.randomAlphanumeric(16);
]]></expression-component>
                        <enricher source="#[payload]" target="#[flowVars.passEncp]" doc:name="Message Enricher">
                            <encryption:encrypt config-ref="Encryption" input-ref="#[flowVars.passEncp]" using="JCE_ENCRYPTER" doc:name="Password_Encryption">
                                <encryption:jce-encrypter key="#[flowVars.saltEncp]" algorithm="AES" encryptionMode="CBC"/>
                            </encryption:encrypt>
                        </enricher>
                        <enricher source="#[payload]" target="#[flowVars['saltEncp']]" doc:name="Message Enricher">
                            <encryption:encrypt config-ref="Encryption" input-ref="#[flowVars.saltEncp]" using="JCE_ENCRYPTER" doc:name="Salt_Encryption">
                                <encryption:jce-encrypter key="${smsbooker.sharedkey}" algorithm="AES" encryptionMode="CBC"/>
                            </encryption:encrypt>
                        </enricher>
                        <set-payload value="#[flowVars.originalPayload]" mimeType="application/json" doc:name="Set Payload"/>
                        <dw:transform-message metadata:id="394019dd-494b-4739-89b1-b6571e57cf3a" doc:name="Transform Message">
                            <dw:set-payload><![CDATA[%dw 1.0
%output application/json
%var oktauserschema =  flowVars.oktauserschema
---
{
	schemas: payload.schemas map ((schema , indexOfSchema) -> schema),
	userName: payload.userName,
	id: payload.userName,
	emails: payload.emails map ((email , indexOfEmail) -> {
		primary: email.primary,
		value: email.value,
		type: email.type
	}),
	(phoneNumbers: payload.phoneNumbers map ((phoneNumber , indexOfPhoneNumber) -> {
		value: phoneNumber.value,
		type: phoneNumber.type
	}))when (payload.phoneNumbers !=null),
	name: {
		familyName: payload.name.familyName,
		givenName: payload.name.givenName
	},
	active: payload.active,
	password: null,
	(oktauserschema): {
		applicationId:payload[oktauserschema].applicationId,
		quickLoginCode: payload[oktauserschema].quickLoginCode,
		notifyBySMS: payload[oktauserschema].notifyBySMS,
		preferredPhoneTypeName: payload[oktauserschema].preferredPhoneTypeName,
		preferredPhoneTypeID: payload[oktauserschema].preferredPhoneTypeID,
		jobCode: payload[oktauserschema].jobCode,
		genderName: payload[oktauserschema].genderName,
		genderID: payload[oktauserschema].genderID,
		profileDescription: payload[oktauserschema].profileDescription,
		type: payload[oktauserschema].type,
		homePhone: payload[oktauserschema].homePhone,
		extLocationID: payload[oktauserschema].extLocationID,
		mobilePhoneCarrierID: payload[oktauserschema].mobilePhoneCarrierID,
		accountLockState: payload[oktauserschema].accountLockState,
		previous_mobilePhone: (payload.phoneNumbers filter $.type=="mobile")..[0].value,
		previous_notifyBySMS: payload[oktauserschema].notifyBySMS,
		previous_genderID: payload[oktauserschema].genderID,
		previous_genderName: payload[oktauserschema].genderName,
		previous_profileDescription: payload[oktauserschema].profileDescription,
		previous_preferredPhoneTypeID: payload[oktauserschema].preferredPhoneTypeID,
		previous_preferredPhoneTypeName: payload[oktauserschema].preferredPhoneTypeName,
		previous_homePhone: payload[oktauserschema].homePhone,
		previous_extLocationID: payload[oktauserschema].extLocationID,
		previous_mobilePhoneCarrierID: payload[oktauserschema].mobilePhoneCarrierID,
		previous_type: payload[oktauserschema].type,
		previous_password: flowVars.passEncp,
		salt: flowVars.saltEncp
		
	}
}]]></dw:set-payload>
                        </dw:transform-message>
                        <object-to-string-transformer doc:name="Object to String"/>
                        
                        <async doc:name="Async">
                            <flow-ref name="flow_okta_password_update" doc:name="flow_okta_password_update"/>
                        </async>

                    </otherwise>
                </choice>
            </when>
            <otherwise>
                <flow-ref name="create_delete_update_employee" doc:name="create_delete_update_employee"/>
            </otherwise>
        </choice>
        
        <logger message="sso-intgr-svc exit flow_put_Users_id_smsbooker :" level="INFO" doc:name="Logger"/>
    </flow>

	<!-- <flow name="flow_get_Users_id_smsbooker"> <logger message="in #[flowVars.applicationid] 
		get #[message.inboundProperties.'http.request.path'.]" level="DEBUG" doc:name="Logger"/> 
		<set-payload value="in #[flowVars.applicationid] get Users with userid #[flowVars.userid] 
		set payload {" doc:name="Set Payload"/> </flow> -->

	<!-- <flow name="flow_get_Groups_smsbooker"> <logger message="in #[flowVars.applicationid] 
		get #[message.inboundProperties.'http.request.path'.]" level="DEBUG" doc:name="Logger"/> 
		<set-payload value="in #[flowVars.applicationid] get Groups set payload" 
		doc:name="Set Payload"/> </flow> <flow name="flow_post_Groups_smsbooker"> 
		<logger message="in #[flowVars.applicationid] post #[message.inboundProperties.'http.request.path'.]" 
		level="DEBUG" doc:name="Logger"/> <set-payload value="in #[flowVars.applicationid] 
		post Groups set payload" doc:name="Set Payload"/> </flow> <flow name="flow_get_Groups_id_smsbooker"> 
		<logger message="in #[flowVars.applicationid] get #[message.inboundProperties.'http.request.path'.]" 
		level="DEBUG" doc:name="Logger"/> <set-payload value="in #[flowVars.applicationid] 
		get Groups with groupid #[flowVars.groupid] set payload" doc:name="Set Payload"/> 
		</flow> <flow name="flow_put_Groups_id_smsbooker"> <logger message="in 
		#[flowVars.applicationid] put #[message.inboundProperties.'http.request.path'.]" 
		level="DEBUG" doc:name="Logger"/> <set-payload value="in #[flowVars.applicationid] 
		put Groups with groupid #[flowVars.groupid] set payload" doc:name="Set Payload"/> 
		</flow> <flow name="flow_delete_Groups_id_smsbooker"> <logger message="in 
		#[flowVars.applicationid] delete #[message.inboundProperties.'http.request.path'.]" 
		level="DEBUG" doc:name="Logger"/> <set-payload value="in #[flowVars.applicationid] 
		delete with groupid #[flowVars.groupid] set payload" doc:name="Set Payload"/> 
		</flow> -->
</mule>